head_of_duty,year,quantity_of_measure,volume
Beer Import,2024,litres of alcohol,6316779.48
Beer Home,2024,litres of alcohol,11626579.24
Cider and Perry Import,2024,litres   ,7177047
Cider and Perry Home,2024,litres   ,43697151
Spirits Import,2024,litres of alcohol,3364631.27
Spirits Home,2024,litres of alcohol,5891983.42
Wine up to 5.5 percent,2024,litres   ,7665703
Wine Still between 5.5 and 15 percent,2024,litres   ,82720549
Wine Still over 15 percent,2024,litres   ,696280
Wine Sparkling over 5.5 percent,2024,litres   ,2598831
Tobacco Cigarettes,2024,thousands,1666948
Tobacco  Cigars,2024,kilograms,11090
Fine Cut Tobacco,2024,kilograms,273992
Tobacco Other,2024,kilograms,5354
MHLO Leaded Petrol ,2024,thousand litres,
MHLO Unleaded Petrol,2024,thousand litres,1067423.17
MHLO SuperPlus Unleaded,2024,thousand litres,
MHLO Aviation Gasoline,2024,thousand litres,646.43
Autodiesel,2024,thousand litres,3563126.17
Marked Gas Oil (MGO),2024,thousand litres,1166974.45
Kerosene,2024,thousand litres,972768.98
Fuel Oil used in manufacture of Alumina,2024,thousand litres,
Residual Fuel Oils,2024,thousand litres,12053
Liquefied Petroleum Gas Other,2024,thousand litres,271677.4
Liquefied Petroleum Gas Auto ,2024,thousand litres,1088.19
Bookmaking Licences number issued,2024,Number Issued,76
Bookmaking Premises number issued,2024,Number Issued,600
Remote Betting Intermediary's,2024,Number Issued,2
Remote Bookmaker's,2024,Number Issued,23
Beer Import,2023,litres of alcohol,6545654.99
Beer Home,2023,litres of alcohol,11684936.96
Cider and Perry Import,2023,litres   ,7215830
Cider and Perry Home,2023,litres   ,45376059
Spirits Import,2023,litres of alcohol,6102377.31
Spirits Home,2023,litres of alcohol,3549166.931
Wine up to 5.5 percent,2023,litres   ,7537423
Wine Still between 5.5 and 15 percent,2023,litres   ,84782671
Wine Still over 15 percent,2023,litres   ,708151
Wine Sparkling over 5.5 percent,2023,litres   ,2593460
Tobacco Cigarettes,2023,thousands,1795450
Tobacco  Cigars,2023,kilograms,14095
Fine Cut Tobacco,2023,kilograms,328562
Tobacco Other,2023,kilograms,6681
MHLO Leaded Petrol ,2023,thousand litres,0
MHLO Unleaded Petrol,2023,thousand litres,1009612.78
MHLO SuperPlus Unleaded,2023,thousand litres,0
MHLO Aviation Gasoline,2023,thousand litres,915.65
Autodiesel,2023,thousand litres,3627770.15
Marked Gas Oil (MGO),2023,thousand litres,1101245
Kerosene,2023,thousand litres,918064
Fuel Oil used in manufacture of Alumina,2023,thousand litres,-
Residual Fuel Oils,2023,thousand litres,23684.96
Liquefied Petroleum Gas Other,2023,thousand litres,359018.47
Liquefied Petroleum Gas Auto ,2023,thousand litres,2661.26
Bookmaking Licences number issued,2023,Number Issued,155
Bookmaking Premises number issued,2023,Number Issued,180
Remote Betting Intermediary's,2023,Number Issued,7
Remote Bookmaker's,2023,Number Issued,70
Beer Import,2022,litres of alcohol,7186034.95
Beer Home,2022,litres of alcohol,11484715.83
Cider and Perry Import,2022,litres   ,8238456
Cider and Perry Home,2022,litres   ,47474225
Spirits Import,2022,litres of alcohol,6417074.46
Spirits Home,2022,litres of alcohol,3442948.18
Wine up to 5.5 percent,2022,litres   ,7494136
Wine Still between 5.5 and 15 percent,2022,litres   ,85248899
Wine Still over 15 percent,2022,litres   ,723489
Wine Sparkling over 5.5 percent,2022,litres   ,2835092
Tobacco Cigarettes,2022,thousands,2204131
Tobacco  Cigars,2022,kilograms,15538
Fine Cut Tobacco,2022,kilograms,368346
Tobacco Other,2022,kilograms,7373
MHLO Leaded Petrol ,2022,thousand litres,-
MHLO Unleaded Petrol,2022,thousand litres,931364
MHLO SuperPlus Unleaded,2022,thousand litres,-
MHLO Aviation Gasoline,2022,thousand litres,808
Autodiesel,2022,thousand litres,3607234.18
Marked Gas Oil (MGO),2022,thousand litres,1148812
Kerosene,2022,thousand litres,922352
Fuel Oil used in manufacture of Alumina,2022,thousand litres,-
Residual Fuel Oils,2022,thousand litres,35196
Liquefied Petroleum Gas Other,2022,thousand litres,341230
Liquefied Petroleum Gas Auto ,2022,thousand litres,2720
Bookmaking Licences number issued,2022,Number Issued,84
Bookmaking Premises number issued,2022,Number Issued,284
Beer Import,2021,litres of alcohol,8294939.05
Beer Home,2021,litres of alcohol,7404006.29
Cider and Perry Import,2021,litres   ,10036695.85
Cider and Perry Home,2021,litres   ,47102854.82
Spirits Import,2021,litres of alcohol,6348319.081
Spirits Home,2021,litres of alcohol,3065930.92
Wine up to 5.5 percent,2021,litres   ,7248122
Wine Still between 5.5 and 15 percent,2021,litres   ,86380185
Wine Still over 15 percent,2021,litres   ,798552
Wine Sparkling over 5.5 percent,2021,litres   ,2788984
Tobacco Cigarettes,2021,thousands,2662613
Tobacco  Cigars,2021,kilograms,15890
Fine Cut Tobacco,2021,kilograms,452655
Tobacco Other,2021,kilograms,8292
MHLO Leaded Petrol ,2021,thousand litres,0
MHLO Unleaded Petrol,2021,thousand litres,824697
MHLO SuperPlus Unleaded,2021,thousand litres,0
MHLO Aviation Gasoline,2021,thousand litres,978
Autodiesel,2021,thousand litres,3397827
Marked Gas Oil (MGO),2021,thousand litres,1173168
Kerosene,2021,thousand litres,1106619
Fuel Oil used in manufacture of Alumina,2021,thousand litres,
Residual Fuel Oils,2021,thousand litres,35196
Liquefied Petroleum Gas Other,2021,thousand litres,350741
Liquefied Petroleum Gas Auto ,2021,thousand litres,1981
Bookmaking Licences number issued,2021,Number Issued,107
Bookmaking Premises number issued,2021,Number Issued,509
Beer Import,2020,litres of alcohol,8493406.59
Beer Home,2020,litres of alcohol,7166743.05
Cider and Perry Import,2020,litres   ,13418075.66
Cider and Perry Home,2020,litres   ,39071053.42
Spirits Import,2020,litres of alcohol,6047726.94
Spirits Home,2020,litres of alcohol,2839386.321
Wine up to 5.5 percent,2020,litres   ,7115915
Wine Still between 5.5 and 15 percent,2020,litres   ,93462955
Wine Still over 15 percent,2020,litres   ,801387
Wine Sparkling over 5.5 percent,2020,litres   ,2277949
Tobacco Cigarettes,2020,thousands,2510795
Tobacco  Cigars,2020,kilograms,18501
Fine Cut Tobacco,2020,kilograms,408898
Tobacco Other,2020,kilograms,9356
MHLO Leaded Petrol ,2020,thousand litres,0
MHLO Unleaded Petrol,2020,thousand litres,772693
MHLO SuperPlus Unleaded,2020,thousand litres,0
MHLO Aviation Gasoline,2020,thousand litres,961
Autodiesel,2020,thousand litres,3167384
Marked Gas Oil (MGO),2020,thousand litres,1134349
Kerosene,2020,thousand litres,1256626
Fuel Oil used in manufacture of Alumina,2020,thousand litres,
Residual Fuel Oils,2020,thousand litres,41282
Liquefied Petroleum Gas Other,2020,thousand litres,326810
Liquefied Petroleum Gas Auto ,2020,thousand litres,1954
Bookmaking Licences number issued,2020,Number Issued,79
Bookmaking Premises number issued,2020,Number Issued,384
Beer Import,2019,litres of alcohol,6492483.36
Beer Home,2019,litres of alcohol,12446112.36
Cider and Perry Import,2019,litres   ,16004197
Cider and Perry Home,2019,litres   ,47177825
Spirits Import,2019,litres of alcohol,5896102.27
Spirits Home,2019,litres of alcohol,2924237.68
Wine up to 5.5 percent,2019,litres   ,8122504
Wine Still between 5.5 and 15 percent,2019,litres   ,81713029
Wine Still over 15 percent,2019,litres   ,749049
Wine Sparkling over 5.5 percent,2019,litres   ,1929888
Tobacco Cigarettes,2019,thousands,2768745
Tobacco  Cigars,2019,kilograms,17367
Fine Cut Tobacco,2019,kilograms,351416
Tobacco Other,2019,kilograms,9838
MHLO Leaded Petrol ,2019,thousand litres,0
MHLO Unleaded Petrol,2019,thousand litres,1043084
MHLO SuperPlus Unleaded,2019,thousand litres,0
MHLO Aviation Gasoline,2019,thousand litres,950
Autodiesel,2019,thousand litres,3678892
Marked Gas Oil (MGO),2019,thousand litres,1092504
Kerosene,2019,thousand litres,1068064
Fuel Oil used in manufacture of Alumina,2019,thousand litres,
Residual Fuel Oils,2019,thousand litres,44999
Liquefied Petroleum Gas Other,2019,thousand litres,330332
Liquefied Petroleum Gas Auto ,2019,thousand litres,2770
Bookmaking Licences number issued,2019,Number Issued,205
Bookmaking Premises number issued,2019,Number Issued,485
Beer Import,2018,litres of alcohol,6497494
Beer Home,2018,litres of alcohol,12813289
Cider and Perry Import,2018,litres   ,9983956
Cider and Perry Home,2018,litres   ,54315700
Spirits Import,2018,litres of alcohol,5756182
Spirits Home,2018,litres of alcohol,3007208
Wine up to 5.5 percent,2018,litres   ,8625851
Wine Still between 5.5 and 15 percent,2018,litres   ,79858759
Wine Still over 15 percent,2018,litres   ,768771
Wine Sparkling over 5.5 percent,2018,litres   ,1961616
Tobacco Cigarettes,2018,thousands,1763336
Tobacco  Cigars,2018,kilograms,16339
Fine Cut Tobacco,2018,kilograms,284731
Tobacco Other,2018,kilograms,11492
MHLO Leaded Petrol ,2018,thousand litres,0
MHLO Unleaded Petrol,2018,thousand litres,1097546
MHLO SuperPlus Unleaded,2018,thousand litres,0
MHLO Aviation Gasoline,2018,thousand litres,848
Autodiesel,2018,thousand litres,3589262
Marked Gas Oil (MGO),2018,thousand litres,1086672
Kerosene,2018,thousand litres,1148910
Fuel Oil used in manufacture of Alumina,2018,thousand litres,
Residual Fuel Oils,2018,thousand litres,49488
Liquefied Petroleum Gas Other,2018,thousand litres,324752
Liquefied Petroleum Gas Auto ,2018,thousand litres,3149
Bookmaking Licences number issued,2018,Number Issued,139
Bookmaking Premises number issued,2018,Number Issued,443
Beer Import,2017,litres of alcohol,6514096
Beer Home,2017,litres of alcohol,12297267
Cider and Perry Import,2017,litres   ,9703574
Cider and Perry Home,2017,litres   ,54318208
Spirits Import,2017,litres of alcohol,5403827
Spirits Home,2017,litres of alcohol,2896984
Wine up to 5.5 percent,2017,litres   ,8084964
Wine Still between 5.5 and 15 percent,2017,litres   ,81849519
Wine Still over 15 percent,2017,litres   ,837247
Wine Sparkling over 5.5 percent,2017,litres   ,2278814
Tobacco Cigarettes,2017,thousands,3595892
Tobacco  Cigars,2017,kilograms,23684
Fine Cut Tobacco,2017,kilograms,446878
Tobacco Other,2017,kilograms,11877
MHLO Leaded Petrol ,2017,thousand litres,0
MHLO Unleaded Petrol,2017,thousand litres,1249735
MHLO SuperPlus Unleaded,2017,thousand litres,0
MHLO Aviation Gasoline,2017,thousand litres,965
Autodiesel,2017,thousand litres,3571370
Marked Gas Oil (MGO),2017,thousand litres,1054636
Kerosene,2017,thousand litres,1088674
Fuel Oil used in manufacture of Alumina,2017,thousand litres,379
Residual Fuel Oils,2017,thousand litres,58074
Liquefied Petroleum Gas Other,2017,thousand litres,298030
Liquefied Petroleum Gas Auto ,2017,thousand litres,3830
Bookmaking Licences number issued,2017,Number Issued,174
Bookmaking Premises number issued,2017,Number Issued,462
Beer Import,2016,litres of alcohol,6726410
Beer Home,2016,litres of alcohol,12490725
Cider and Perry Import,2016,litres   ,8998059
Cider and Perry Home,2016,litres   ,54070577
Spirits Import,2016,litres of alcohol,5146902
Spirits Home,2016,litres of alcohol,2863045
Wine up to 5.5 percent,2016,litres   ,8108953
Wine Still between 5.5 and 15 percent,2016,litres   ,81695056
Wine Still over 15 percent,2016,litres   ,910232
Wine Sparkling over 5.5 percent,2016,litres   ,1999042
Tobacco Cigarettes,2016,thousands,2845528
Tobacco  Cigars,2016,kilograms,21165
Fine Cut Tobacco,2016,kilograms,353330
Tobacco Other,2016,kilograms,14070
MHLO Leaded Petrol ,2016,thousand litres,0
MHLO Unleaded Petrol,2016,thousand litres,1334857
MHLO SuperPlus Unleaded,2016,thousand litres,0
MHLO Aviation Gasoline,2016,thousand litres,1035
Autodiesel,2016,thousand litres,3330228
Marked Gas Oil (MGO),2016,thousand litres,1044189
Kerosene,2016,thousand litres,1049661
Fuel Oil used in manufacture of Alumina,2016,thousand litres,269
Residual Fuel Oils,2016,thousand litres,55418
Liquefied Petroleum Gas Other,2016,thousand litres,263451
Liquefied Petroleum Gas Auto ,2016,thousand litres,4270
Bookmaking Licences number issued,2016,Number Issued,147
Bookmaking Premises number issued,2016,Number Issued,840
Beer Import,2015,litres of alcohol,6406510
Beer Home,2015,litres of alcohol,12132051
Cider and Perry Import,2015,litres   ,8301583
Cider and Perry Home,2015,litres   ,49798993
Spirits Import,2015,litres of alcohol,4766319
Spirits Home,2015,litres of alcohol,2591325
Wine up to 5.5 percent,2015,litres   ,7249547
Wine Still between 5.5 and 15 percent,2015,litres   ,77532275
Wine Still over 15 percent,2015,litres   ,847425
Wine Sparkling over 5.5 percent,2015,litres   ,1650454
Tobacco Cigarettes,2015,thousands,3236648
Tobacco  Cigars,2015,kilograms,25657
Fine Cut Tobacco,2015,kilograms,508073
Tobacco Other,2015,kilograms,14918
MHLO Leaded Petrol ,2015,thousand litres,0
MHLO Unleaded Petrol,2015,thousand litres,1417134
MHLO SuperPlus Unleaded,2015,thousand litres,0
MHLO Aviation Gasoline,2015,thousand litres,982
Autodiesel,2015,thousand litres,3105597
Marked Gas Oil (MGO),2015,thousand litres,1014307
Kerosene,2015,thousand litres,1014784
Fuel Oil used in manufacture of Alumina,2015,thousand litres,3042
Residual Fuel Oils,2015,thousand litres,58029
Liquefied Petroleum Gas Other,2015,thousand litres,244976
Liquefied Petroleum Gas Auto ,2015,thousand litres,4320
Bookmaking Licences number issued,2015,Number Issued,269
Bookmaking Premises number issued,2015,Number Issued,300
Beer Import,2014,litres of alcohol,6939716
Beer Home,2014,litres of alcohol,11880315
Cider and Perry Import,2014,litres   ,8342800
Cider and Perry Home,2014,litres   ,54067978
Spirits Import,2014,litres of alcohol,4607759
Spirits Home,2014,litres of alcohol,2610238
Wine up to 5.5 percent,2014,litres   ,5357744
Wine Still between 5.5 and 15 percent,2014,litres   ,77751868
Wine Still over 15 percent,2014,litres   ,794539
Wine Sparkling over 5.5 percent,2014,litres   ,1534995
Tobacco Cigarettes,2014,thousands,3098756
Tobacco  Cigars,2014,kilograms,27479
Fine Cut Tobacco,2014,kilograms,384646
Tobacco Other,2014,kilograms,16860
MHLO Leaded Petrol ,2014,thousand litres,0
MHLO Unleaded Petrol,2014,thousand litres,1483192
MHLO SuperPlus Unleaded,2014,thousand litres,0
MHLO Aviation Gasoline,2014,thousand litres,967
Autodiesel,2014,thousand litres,2846887
Marked Gas Oil (MGO),2014,thousand litres,997528
Kerosene,2014,thousand litres,856821
Fuel Oil used in manufacture of Alumina,2014,thousand litres,38739
Residual Fuel Oils,2014,thousand litres,60466
Liquefied Petroleum Gas Other,2014,thousand litres,227116
Liquefied Petroleum Gas Auto ,2014,thousand litres,3587
Bookmaking Licences number issued,2014,Number Issued,380
Bookmaking Premises number issued,2014,Number Issued,1106
Beer Import,2013,litres of alcohol,6290184
Beer Home,2013,litres of alcohol,11799354
Cider and Perry Import,2013,litres   ,7761076
Cider and Perry Home,2013,litres   ,54376869
Spirits Import,2013,litres of alcohol,4681701
Spirits Home,2013,litres of alcohol,2599632
Wine up to 5.5 percent,2013,litres   ,4983515
Wine Still between 5.5 and 15 percent,2013,litres   ,72641646
Wine Still over 15 percent,2013,litres   ,778567
Wine Sparkling over 5.5 percent,2013,litres   ,1553609
Tobacco Cigarettes,2013,thousands,3230313
Tobacco  Cigars,2013,kilograms,31312
Fine Cut Tobacco,2013,kilograms,399316
Tobacco Other,2013,kilograms,18573
MHLO Leaded Petrol ,2013,thousand litres,0
MHLO Unleaded Petrol,2013,thousand litres,1568147
MHLO SuperPlus Unleaded,2013,thousand litres,0
MHLO Aviation Gasoline,2013,thousand litres,1142
Autodiesel,2013,thousand litres,2676358
Marked Gas Oil (MGO),2013,thousand litres,1101590
Kerosene,2013,thousand litres,906456
Fuel Oil used in manufacture of Alumina,2013,thousand litres,87895
Residual Fuel Oils,2013,thousand litres,69907
Liquefied Petroleum Gas Other,2013,thousand litres,225541
Liquefied Petroleum Gas Auto ,2013,thousand litres,2131
Bookmaking Licences number issued,2013,Number Issued,386
Bookmaking Premises number issued,2013,Number Issued,943
Beer Import,2012,litres of alcohol,6493160
Beer Home,2012,litres of alcohol,12789379
Cider and Perry Import,2012,litres   ,8685157
Cider and Perry Home,2012,litres   ,55077938
Spirits Import,2012,litres of alcohol,4772111
Spirits Home,2012,litres of alcohol,3489275
Wine up to 5.5 percent,2012,litres   ,5813690
Wine Still between 5.5 and 15 percent,2012,litres   ,79041007
Wine Still over 15 percent,2012,litres   ,977614
Wine Sparkling over 5.5 percent,2012,litres   ,1936322
Tobacco Cigarettes,2012,thousands,3790633
Tobacco  Cigars,2012,kilograms,32088
Fine Cut Tobacco,2012,kilograms,330756
Tobacco Other,2012,kilograms,20573
MHLO Leaded Petrol ,2012,thousand litres,0
MHLO Unleaded Petrol,2012,thousand litres,1667582
MHLO SuperPlus Unleaded,2012,thousand litres,0
MHLO Aviation Gasoline,2012,thousand litres,914
Autodiesel,2012,thousand litres,2548025
Marked Gas Oil (MGO),2012,thousand litres,1125849
Kerosene,2012,thousand litres,898044
Fuel Oil used in manufacture of Alumina,2012,thousand litres,86816
Residual Fuel Oils,2012,thousand litres,77292
Liquefied Petroleum Gas Other,2012,thousand litres,194518
Liquefied Petroleum Gas Auto ,2012,thousand litres,888
Bookmaking Licences number issued,2012,Number Issued,505
Bookmaking Premises number issued,2012,Number Issued,1147
Beer Import,2011,litres of alcohol,6615328
Beer Home,2011,litres of alcohol,13118142
Cider and Perry Import,2011,litres   ,9592272
Cider and Perry Home,2011,litres   ,56430161
Spirits Import,2011,litres of alcohol,4186492
Spirits Home,2011,litres of alcohol,3878255
Wine up to 5.5 percent,2011,litres   ,6349707
Wine Still between 5.5 and 15 percent,2011,litres   ,79645388
Wine Still over 15 percent,2011,litres   ,1190428
Wine Sparkling over 5.5 percent,2011,litres   ,2065378
Tobacco Cigarettes,2011,thousands,4153921
Tobacco  Cigars,2011,kilograms,36339
Fine Cut Tobacco,2011,kilograms,251748
Tobacco Other,2011,kilograms,21902
MHLO Leaded Petrol ,2011,thousand litres,0
MHLO Unleaded Petrol,2011,thousand litres,1829165
MHLO SuperPlus Unleaded,2011,thousand litres,0
MHLO Aviation Gasoline,2011,thousand litres,1071
Autodiesel,2011,thousand litres,2563433
Marked Gas Oil (MGO),2011,thousand litres,1154645
Kerosene,2011,thousand litres,1050790
Fuel Oil used in manufacture of Alumina,2011,thousand litres,149457
Residual Fuel Oils,2011,thousand litres,85264
Liquefied Petroleum Gas Other,2011,thousand litres,146889
Liquefied Petroleum Gas Auto ,2011,thousand litres,488
Bookmaking Licences number issued,2011,Number Issued,449
Bookmaking Premises number issued,2011,Number Issued,1054
Beer Import,2010,litres of alcohol,6727059
Beer Home,2010,litres of alcohol,13393439
Cider and Perry Import,2010,litres   ,9751340
Cider and Perry Home,2010,litres   ,56609893
Spirits Import,2010,litres of alcohol,3931830
Spirits Home,2010,litres of alcohol,3886608
Wine up to 5.5 percent,2010,litres   ,6400468
Wine Still between 5.5 and 15 percent,2010,litres   ,77824702
Wine Still over 15 percent,2010,litres   ,1160619
Wine Sparkling over 5.5 percent,2010,litres   ,2022761
Tobacco Cigarettes,2010,thousands,4127989
Tobacco  Cigars,2010,kilograms,37786
Fine Cut Tobacco,2010,kilograms,215773
Tobacco Other,2010,kilograms,37251
MHLO Leaded Petrol ,2010,thousand litres,0
MHLO Unleaded Petrol,2010,thousand litres,1930180
MHLO SuperPlus Unleaded,2010,thousand litres,0
MHLO Aviation Gasoline,2010,thousand litres,1196
Autodiesel,2010,thousand litres,2559664
Marked Gas Oil (MGO),2010,thousand litres,1225893
Kerosene,2010,thousand litres,1329439
Fuel Oil used in manufacture of Alumina,2010,thousand litres,223763
Residual Fuel Oils,2010,thousand litres,130104
Liquefied Petroleum Gas Other,2010,thousand litres,165192
Liquefied Petroleum Gas Auto ,2010,thousand litres,457
Bookmaking Licences number issued,2010,Number Issued,473
Bookmaking Premises number issued,2010,Number Issued,1223
Beer Import,2009,litres of alcohol,6375881
Beer Home,2009,litres of alcohol,13917526
Cider and Perry Import,2009,litres   ,9314948
Cider and Perry Home,2009,litres   ,58726795
Spirits Import,2009,litres of alcohol,3383126
Spirits Home,2009,litres of alcohol,3617722
Wine up to 5.5 percent,2009,litres   ,4736540
Wine Still between 5.5 and 15 percent,2009,litres   ,67260365
Wine Still over 15 percent,2009,litres   ,1002143
Wine Sparkling over 5.5 percent,2009,litres   ,1764974
Tobacco Cigarettes,2009,thousands,4607146
Tobacco  Cigars,2009,kilograms,38168
Fine Cut Tobacco,2009,kilograms,219985
Tobacco Other,2009,kilograms,27598
MHLO Leaded Petrol ,2009,thousand litres,0
MHLO Unleaded Petrol,2009,thousand litres,2117045
MHLO SuperPlus Unleaded,2009,thousand litres,0
MHLO Aviation Gasoline,2009,thousand litres,1103
Autodiesel,2009,thousand litres,2714350
Marked Gas Oil (MGO),2009,thousand litres,1274063
Kerosene,2009,thousand litres,1253341
Fuel Oil used in manufacture of Alumina,2009,thousand litres,137818
Residual Fuel Oils,2009,thousand litres,140309
Liquefied Petroleum Gas Other,2009,thousand litres,152764
Liquefied Petroleum Gas Auto ,2009,thousand litres,521
Bookmaking Licences number issued,2009,Number Issued,641
Bookmaking Premises number issued,2009,Number Issued,1681
Beer Import,2008,litres of alcohol,5739324
Beer Home,2008,litres of alcohol,15966298
Cider and Perry Import,2008,litres   ,10151859
Cider and Perry Home,2008,litres   ,62121901
Spirits Import,2008,litres of alcohol,3885116
Spirits Home,2008,litres of alcohol,4702231
Wine up to 5.5 percent,2008,litres   ,4121308
Wine Still between 5.5 and 15 percent,2008,litres   ,72997708
Wine Still over 15 percent,2008,litres   ,1037875
Wine Sparkling over 5.5 percent,2008,litres   ,2140627
Tobacco Cigarettes,2008,thousands,4940567
Tobacco  Cigars,2008,kilograms,44290
Fine Cut Tobacco,2008,kilograms,128502
Tobacco Other,2008,kilograms,25971
MHLO Leaded Petrol ,2008,thousand litres,0
MHLO Unleaded Petrol,2008,thousand litres,2310390
MHLO SuperPlus Unleaded,2008,thousand litres,302
MHLO Aviation Gasoline,2008,thousand litres,1743
Autodiesel,2008,thousand litres,2959933
Marked Gas Oil (MGO),2008,thousand litres,1503332
Kerosene,2008,thousand litres,1202471
Fuel Oil used in manufacture of Alumina,2008,thousand litres,212114
Residual Fuel Oils,2008,thousand litres,423279
Liquefied Petroleum Gas Other,2008,thousand litres,241613
Liquefied Petroleum Gas Auto ,2008,thousand litres,799
Bookmaking Licences number issued,2008,Number Issued,532
Bookmaking Premises number issued,2008,Number Issued,1093
Beer Import,2007,litres of alcohol,8304075
Beer Home,2007,litres of alcohol,14591592
Cider and Perry Import,2007,litres   ,11118758
Cider and Perry Home,2007,litres   ,70168343
Spirits Import,2007,litres of alcohol,4065576
Spirits Home,2007,litres of alcohol,5208496
Wine up to 5.5 percent,2007,litres   ,4501303
Wine Still between 5.5 and 15 percent,2007,litres   ,74974084
Wine Still over 15 percent,2007,litres   ,1185249
Wine Sparkling over 5.5 percent,2007,litres   ,2310533
Tobacco Cigarettes,2007,thousands,5401702
Tobacco  Cigars,2007,kilograms,46622
Fine Cut Tobacco,2007,kilograms,122848
Tobacco Other,2007,kilograms,32388
MHLO Leaded Petrol ,2007,thousand litres,0
MHLO Unleaded Petrol,2007,thousand litres,2377322
MHLO SuperPlus Unleaded,2007,thousand litres,406
MHLO Aviation Gasoline,2007,thousand litres,2096
Autodiesel,2007,thousand litres,3025245
Marked Gas Oil (MGO),2007,thousand litres,1592466
Kerosene,2007,thousand litres,1124404
Fuel Oil used in manufacture of Alumina,2007,thousand litres,223999
Residual Fuel Oils,2007,thousand litres,569209
Liquefied Petroleum Gas Other,2007,thousand litres,278852
Liquefied Petroleum Gas Auto ,2007,thousand litres,1037
Bookmaking Licences number issued,2007,Number Issued,704
Bookmaking Premises number issued,2007,Number Issued,1554
Beer Import,2006,litres of alcohol,5628763
Beer Home,2006,litres of alcohol,17396184
Cider and Perry Import,2006,litres   ,10139831
Cider and Perry Home,2006,litres   ,71835871
Spirits Import,2006,litres of alcohol,3743038
Spirits Home,2006,litres of alcohol,4909376
Wine up to 5.5 percent,2006,litres   ,3749160
Wine Still between 5.5 and 15 percent,2006,litres   ,70553564
Wine Still over 15 percent,2006,litres   ,1086559
Wine Sparkling over 5.5 percent,2006,litres   ,2010883
Tobacco Cigarettes,2006,thousands,5604884
Tobacco  Cigars,2006,kilograms,47164
Fine Cut Tobacco,2006,kilograms,109464
Tobacco Other,2006,kilograms,33825
MHLO Leaded Petrol ,2006,thousand litres,0
MHLO Unleaded Petrol,2006,thousand litres,2330103
MHLO SuperPlus Unleaded,2006,thousand litres,409
MHLO Aviation Gasoline,2006,thousand litres,2064
Autodiesel,2006,thousand litres,2836306
Marked Gas Oil (MGO),2006,thousand litres,1652547
Kerosene,2006,thousand litres,1126310
Fuel Oil used in manufacture of Alumina,2006,thousand litres,255256
Residual Fuel Oils,2006,thousand litres,884471
Liquefied Petroleum Gas Other,2006,thousand litres,276307
Liquefied Petroleum Gas Auto ,2006,thousand litres,1515
Bookmaking Licences number issued,2006,Number Issued,496
Bookmaking Premises number issued,2006,Number Issued,1151
Beer Import,2005,litres of alcohol,4906708
Beer Home,2005,litres of alcohol,18178583
Cider and Perry Import,2005,litres   ,8244618
Cider and Perry Home,2005,litres   ,70795146
Spirits Import,2005,litres of alcohol,3522485
Spirits Home,2005,litres of alcohol,4719672
Wine up to 5.5 percent,2005,litres   ,3434070
Wine Still between 5.5 and 15 percent,2005,litres   ,66051582
Wine Still over 15 percent,2005,litres   ,1061403
Wine Sparkling over 5.5 percent,2005,litres   ,1638350
Tobacco Cigarettes,2005,thousands,5514228
Tobacco  Cigars,2005,kilograms,48761
Fine Cut Tobacco,2005,kilograms,98971
Tobacco Other,2005,kilograms,38658
MHLO Leaded Petrol ,2005,thousand litres,0
MHLO Unleaded Petrol,2005,thousand litres,2264172
MHLO SuperPlus Unleaded,2005,thousand litres,2151
MHLO Aviation Gasoline,2005,thousand litres,1946
Autodiesel,2005,thousand litres,2595633
Marked Gas Oil (MGO),2005,thousand litres,1645479
Kerosene,2005,thousand litres,1080818
Fuel Oil used in manufacture of Alumina,2005,thousand litres,344197
Residual Fuel Oils,2005,thousand litres,929350
Liquefied Petroleum Gas Other,2005,thousand litres,277083
Liquefied Petroleum Gas Auto ,2005,thousand litres,1930
Bookmaking Licences number issued,2005,Number Issued,588
Bookmaking Premises number issued,2005,Number Issued,1170
Beer Import,2004,litres of alcohol,4126520
Beer Home,2004,litres of alcohol,18895970
Cider and Perry Import,2004,litres   ,7359790
Cider and Perry Home,2004,litres   ,68276626
Spirits Import,2004,litres of alcohol,3566251
Spirits Home,2004,litres of alcohol,4483198
Wine up to 5.5 percent,2004,litres   ,3146815
Wine Still between 5.5 and 15 percent,2004,litres   ,63815451
Wine Still over 15 percent,2004,litres   ,1050539
Wine Sparkling over 5.5 percent,2004,litres   ,1381047
Tobacco Cigarettes,2004,thousands,5330593
Tobacco  Cigars,2004,kilograms,56090
Fine Cut Tobacco,2004,kilograms,112321
Tobacco Other,2004,kilograms,38859
MHLO Leaded Petrol ,2004,thousand litres,0
MHLO Unleaded Petrol,2004,thousand litres,2187822
MHLO SuperPlus Unleaded,2004,thousand litres,5826
MHLO Aviation Gasoline,2004,thousand litres,2031
Autodiesel,2004,thousand litres,2443984
Marked Gas Oil (MGO),2004,thousand litres,1581434
Kerosene,2004,thousand litres,1052520
Fuel Oil used in manufacture of Alumina,2004,thousand litres,326994
Residual Fuel Oils,2004,thousand litres,949832
Liquefied Petroleum Gas Other,2004,thousand litres,279022
Liquefied Petroleum Gas Auto ,2004,thousand litres,1748
Bookmaking Licences number issued,2004,Number Issued,535
Bookmaking Premises number issued,2004,Number Issued,948
Beer Import,2003,litres of alcohol,3643664
Beer Home,2003,litres of alcohol,19583068
Cider and Perry Import,2003,litres   ,6819080
Cider and Perry Home,2003,litres   ,67350082
Spirits Import,2003,litres of alcohol,3429447
Spirits Home,2003,litres of alcohol,4397020
Wine up to 5.5 percent,2003,litres   ,852392
Wine Still between 5.5 and 15 percent,2003,litres   ,57683520
Wine Still over 15 percent,2003,litres   ,1014299
Wine Sparkling over 5.5 percent,2003,litres   ,1163615
Tobacco Cigarettes,2003,thousands,6295263
Tobacco  Cigars,2003,kilograms,75965
Fine Cut Tobacco,2003,kilograms,11904
Tobacco Other,2003,kilograms,47129
MHLO Leaded Petrol ,2003,thousand litres,0
MHLO Unleaded Petrol,2003,thousand litres,2114341
MHLO SuperPlus Unleaded,2003,thousand litres,7659
MHLO Aviation Gasoline,2003,thousand litres,1959
Autodiesel,2003,thousand litres,2298884
Marked Gas Oil (MGO),2003,thousand litres,1564981
Kerosene,2003,thousand litres,983414
Fuel Oil used in manufacture of Alumina,2003,thousand litres,356927
Residual Fuel Oils,2003,thousand litres,792344
Liquefied Petroleum Gas Other,2003,thousand litres,273674
Liquefied Petroleum Gas Auto ,2003,thousand litres,1958
Bookmaking Licences number issued,2003,Number Issued,584
Bookmaking Premises number issued,2003,Number Issued,1068
