commodity_and_head_of_duty,year , net_receipts_ 
Alcohols Beer - Import,2024,142375976.5
Alcohols Beer - Home,2024,255420701.4
Alcohols Cider and Perry - Import,2024,6433182.9
Alcohols Cider and Perry - Home,2024,40826299.6
Alcohols Spirits - Import,2024,252617785.8
Alcohols Spirits - Home,2024,145522420.8
Alcohols Wine,2024,369404178.2
Alcohols Made Wine,2024,22789415.2
Tobacco Cigarettes,2024,840101991.1
Tobacco Cigars /Fine Cut / Other Smoking,2024,135982046.1
Mineral Hydrocarbon Light Oils - Import ,2024,540742525.2
Mineral Hydrocarbon Light Oils - Home ,2024,
Hydrocarbon Heavy Oils  - AutoDiesel,2024,1395473022
Hydrocarbon Heavy Oils - Marked Gas Oil,2024,31841005.93
Hydrocarbon Heavy Oils - Alumina Manufacture & Residual Fuel Oils,2024,189793.33
Gaseous Hydrocarbons in Liquid Form - Auto LPG ,2024,90302.81
Carbon Auto Diesel,2024,490062077.3
Carbon Petrol,2024,127571828
Carbon Aviation Gasoline,2024,83770.76
Carbon Kerosene,2024,133358608.7
Carbon Marked Gas Oil,2024,140810953.9
Carbon Fuel Oil,2024,970298.94
Carbon Other LPG,2024,27829881.38
Carbon Auto LPG,2024,97118.1
Carbon Natural Gas,2024,125168756
Carbon Solid Fuel,2024,21533580
Electricity Tax,2024,5393911
Sugar Tax,2024,30505379.18
Vehicle Registration Tax,2024,949328458.4
Excise Duty on Premises or Activities - Traditional Betting Duty,2024,46661423.72
Excise Duty on Premises or Activities - Remote Betting Duty,2024,95373146.17
Excise Duty on Premises or Activities - Betting Commissions Duty,2024,-783066.29
Excise Duty on Premises or Activities - Bookmakers Licences,2024,39750
Excise Duty on Premises or Activities - Bookmaking Premises,2024,456000
Excise Duty on Premises or Activities - Remote Betting Intermediary's,2024,20000
Excise Duty on Premises or Activities - Remote Bookmaker's,2024,230000
Excise Duty on Premises or Activities - Clubs,2024,350560
Excise Duty on Premises or Activities - Public Dancing Licences,2024,2149440
Excise Duty on Premises or Activities - Licences,2024,19622705
Excise Duty on Premises or Activities - An Post,2024,
Alcohols Beer - Import,2023,149346951.6
Alcohols Beer - Home,2023,254997129.8
Alcohols Cider and Perry - Import,2023,6810544.8
Alcohols Cider and Perry - Home,2023,43180961.4
Alcohols Spirits - Import,2023,258456164.8
Alcohols Spirits - Home,2023,151616811.4
Alcohols Wine,2023,373638444.1
Alcohols Made Wine,2023,21807590.6
Tobacco Cigarettes,2023,856961831.5
Tobacco Cigars /Fine Cut / Other Smoking,2023,148129379.7
Mineral Hydrocarbon Light Oils - Import ,2023,412430788.1
Mineral Hydrocarbon Light Oils - Home ,2023,
Hydrocarbon Heavy Oils  - AutoDiesel,2023,1149521105
Hydrocarbon Heavy Oils - Marked Gas Oil,2023,4407814.76
Hydrocarbon Heavy Oils - Alumina Manufacture & Residual Fuel Oils,2023,350698.95
Gaseous Hydrocarbons in Liquid Form - Auto LPG ,2023,192953
Carbon Auto Diesel,2023,446696761.1
Carbon Petrol,2023,107968680.9
Carbon Aviation Gasoline,2023,105018.68
Carbon Kerosene,2023,104870081.4
Carbon Marked Gas Oil,2023,122205112
Carbon Fuel Oil,2023,1286029.71
Carbon Other LPG,2023,24930762.09
Carbon Auto LPG,2023,223401.57
Carbon Natural Gas,2023,107164951.7
Carbon Solid Fuel,2023,19199237.65
Electricity Tax,2023,4245903.32
Sugar Tax,2023,28934631.34
Vehicle Registration Tax,2023,878300513.1
Excise Duty on Premises or Activities - Traditional Betting Duty,2023,47537932
Excise Duty on Premises or Activities - Remote Betting Duty,2023,51322680
Excise Duty on Premises or Activities - Betting Commissions Duty,2023,3819600
Excise Duty on Premises or Activities - Bookmakers Licences,2023,77250
Excise Duty on Premises or Activities - Bookmaking Premises,2023,136800
Excise Duty on Premises or Activities - Remote Betting Intermediary's,2023,120000
Excise Duty on Premises or Activities - Remote Bookmaker's,2023,1185000
Excise Duty on Premises or Activities - Clubs,2023,361670
Excise Duty on Premises or Activities - Public Dancing Licences,2023,
Excise Duty on Premises or Activities - Licences,2023,19357989
Excise Duty on Premises or Activities - An Post,2023,
Alcohols Beer - Import,2022,158795354.2
Alcohols Beer - Home,2022,240929769.7
Alcohols Cider and Perry - Import,2022,7613768.9
Alcohols Cider and Perry - Home,2022,44208347.4
Alcohols Spirits - Import,2022,269923014.2
Alcohols Spirits - Home,2022,143550437
Alcohols Wine,2022,379897022.7
Alcohols Made Wine,2022,20475833.5
Tobacco Cigarettes,2022,1002506611
Tobacco Cigars /Fine Cut / Other Smoking,2022,158101351
Mineral Hydrocarbon Light Oils - Import ,2022,382975817
Mineral Hydrocarbon Light Oils - Home ,2022, - 
Hydrocarbon Heavy Oils  - AutoDiesel,2022,1153317931
Hydrocarbon Heavy Oils - Marked Gas Oil,2022,13790937
Hydrocarbon Heavy Oils - Alumina Manufacture & Residual Fuel Oils,2022,461099
Gaseous Hydrocarbons in Liquid Form - Auto LPG ,2022,174606
Carbon Auto Diesel,2022,376589932
Carbon Petrol,2022,85690441
Carbon Aviation Gasoline,2022,78835
Carbon Kerosene,2022,85259022
Carbon Marked Gas Oil,2022,102165364
Carbon Fuel Oil,2022,1302098
Carbon Other LPG,2022,19017107
Carbon Auto LPG,2022,82926
Carbon Natural Gas,2022,94472454
Carbon Solid Fuel,2022,25895900
Electricity Tax,2022,3508224
Sugar Tax,2022,31994326
Vehicle Registration Tax,2022,756545648
Excise Duty on Premises or Activities - Traditional Betting Duty,2022,45867910
Excise Duty on Premises or Activities - Remote Betting Duty,2022,49214461
Excise Duty on Premises or Activities - Betting Commissions Duty,2022,3862393
Excise Duty on Premises or Activities - Bookmakers Licences,2022,49500
Excise Duty on Premises or Activities - Bookmaking Premises,2022,233700
Excise Duty on Premises or Activities - Remote Betting Intermediary's,2022,-
Excise Duty on Premises or Activities - Remote Bookmaker's,2022,110000
Excise Duty on Premises or Activities - Clubs,2022,346905
Excise Duty on Premises or Activities - Public Dancing Licences,2022,2033095
Excise Duty on Premises or Activities - Licences,2022,16118575
Excise Duty on Premises or Activities - An Post,2022, - 
Alcohols Beer - Import,2021,192706906.8
Alcohols Beer - Home,2021,163445549.2
Alcohols Cider and Perry - Import,2021,9954087.3
Alcohols Cider and Perry - Home,2021,41411675.6
Alcohols Spirits - Import,2021,276900681.7
Alcohols Spirits - Home,2021,129814627.6
Alcohols Wine,2021,384318442.1
Alcohols Made Wine,2021,29046182.2
Tobacco Cigarettes,2021,1136638444
Tobacco Cigars /Fine Cut / Other Smoking,2021,180993894.8
Mineral Hydrocarbon Light Oils - Import ,2021,445430643
Mineral Hydrocarbon Light Oils - Home ,2021,1161.16
Hydrocarbon Heavy Oils  - AutoDiesel,2021,1429958038
Hydrocarbon Heavy Oils - Marked Gas Oil,2021,49999802.39
Hydrocarbon Heavy Oils - Alumina Manufacture & Residual Fuel Oils,2021,586165.63
Gaseous Hydrocarbons in Liquid Form - Auto LPG ,2021,126659.57
Carbon Auto Diesel,2021,292012090.4
Carbon Petrol,2021,61899244.78
Carbon Aviation Gasoline,2021,78683.26
Carbon Kerosene,2021,83016194.32
Carbon Marked Gas Oil,2021,87487293.68
Carbon Fuel Oil,2021,1357773.36
Carbon Other LPG,2021,15178873.82
Carbon Auto LPG,2021,52924.03
Carbon Natural Gas,2021,83308563.37
Carbon Solid Fuel,2021,27902880.15
Electricity Tax,2021,5193079.59
Sugar Tax,2021,30441128.65
Vehicle Registration Tax,2021,785664796.3
Excise Duty on Premises or Activities - Traditional Betting Duty,2021,24379972
Excise Duty on Premises or Activities - Remote Betting Duty,2021,60550261
Excise Duty on Premises or Activities - Betting Commissions Duty,2021,4196553
Excise Duty on Premises or Activities - Bookmakers Licences,2021,63000
Excise Duty on Premises or Activities - Bookmaking Premises,2021,405840
Excise Duty on Premises or Activities - Remote Betting Intermediary's,2021,149992
Excise Duty on Premises or Activities - Remote Bookmaker's,2021,1070000
Excise Duty on Premises or Activities - Clubs,2021,3865
Excise Duty on Premises or Activities - Public Dancing Licences,2021, -   
Excise Duty on Premises or Activities - Licences,2021,6777802
Excise Duty on Premises or Activities - An Post,2021,2370.61
Alcohols Beer - Import,2020,183084407.7
Alcohols Beer - Home,2020,167948893.1
Alcohols Cider and Perry - Import,2020,12701490.3
Alcohols Cider and Perry - Home,2020,40340740.7
Alcohols Spirits - Import,2020,255510254.8
Alcohols Spirits - Home,2020,118805758.2
Alcohols Wine,2020,407927693.5
Alcohols Made Wine,2020,17129763
Tobacco Cigarettes,2020,1039782225
Tobacco Cigars /Fine Cut / Other Smoking,2020,161427866
Mineral Hydrocarbon Light Oils - Import ,2020,425163361
Mineral Hydrocarbon Light Oils - Home ,2020,3554
Hydrocarbon Heavy Oils  - AutoDiesel,2020,1342252195
Hydrocarbon Heavy Oils - Marked Gas Oil,2020,46764230
Hydrocarbon Heavy Oils - Alumina Manufacture & Residual Fuel Oils,2020,698355
Gaseous Hydrocarbons in Liquid Form - Auto LPG ,2020,126202
Carbon Auto Diesel,2020,212569657
Carbon Petrol,2020,46092434
Carbon Aviation Gasoline,2020,61596
Carbon Kerosene,2020,68227443
Carbon Marked Gas Oil,2020,65269318
Carbon Fuel Oil,2020,1322849
Carbon Other LPG,2020,11241958
Carbon Auto LPG,2020,43529
Carbon Natural Gas,2020,64982094
Carbon Solid Fuel,2020,23762090
Electricity Tax,2020,2096530
Sugar Tax,2020,31297420
Vehicle Registration Tax,2020,751246690
Excise Duty on Premises or Activities - Traditional Betting Duty,2020,39021093
Excise Duty on Premises or Activities - Remote Betting Duty,2020,44935012
Excise Duty on Premises or Activities - Betting Commissions Duty,2020,2815335
Excise Duty on Premises or Activities - Bookmakers Licences,2020,39500
Excise Duty on Premises or Activities - Bookmaking Premises,2020,291840
Excise Duty on Premises or Activities - Remote Betting Intermediary's,2020,30000
Excise Duty on Premises or Activities - Remote Bookmaker's,2020,110000
Excise Duty on Premises or Activities - Clubs,2020,1605
Excise Duty on Premises or Activities - Public Dancing Licences,2020,1260047
Excise Duty on Premises or Activities - Licences,2020,8521412
Excise Duty on Premises or Activities - An Post,2020,52926
Alcohols Beer - Import,2019,147453137.5
Alcohols Beer - Home,2019,273943490.8
Alcohols Cider and Perry - Import,2019,14948513.5
Alcohols Cider and Perry - Home,2019,44904484.4
Alcohols Spirits - Import,2019,250231964.1
Alcohols Spirits - Home,2019,123108510.4
Alcohols Wine,2019,360026448.9
Alcohols Made Wine,2019,17182662.2
Tobacco Cigarettes,2019,1010898177
Tobacco Cigars /Fine Cut / Other Smoking,2019,125403563
Mineral Hydrocarbon Light Oils - Import ,2019,568072371
Mineral Hydrocarbon Light Oils - Home ,2019,1626
Hydrocarbon Heavy Oils  - AutoDiesel,2019,1550032036
Hydrocarbon Heavy Oils - Marked Gas Oil,2019,45297922
Hydrocarbon Heavy Oils - Alumina Manufacture & Residual Fuel Oils,2019,693016
Gaseous Hydrocarbons in Liquid Form - Auto LPG ,2019,178247
Carbon Auto Diesel,2019,192798498
Carbon Petrol,2019,47613133
Carbon Aviation Gasoline,2019,45442
Carbon Kerosene,2019,53781398
Carbon Marked Gas Oil,2019,54386492
Carbon Fuel Oil,2019,1171665
Carbon Other LPG,2019,10158193
Carbon Auto LPG,2019,54870
Carbon Natural Gas,2019,50394285
Carbon Solid Fuel,2019,20057760
Electricity Tax,2019,2296210
Sugar Tax,2019,33043306
Vehicle Registration Tax,2019,941986667
Excise Duty on Premises or Activities - Traditional Betting Duty,2019,51889431
Excise Duty on Premises or Activities - Remote Betting Duty,2019,40622117
Excise Duty on Premises or Activities - Betting Commissions Duty,2019,2501750
Excise Duty on Premises or Activities - Bookmakers Licences,2019,100750
Excise Duty on Premises or Activities - Bookmaking Premises,2019,368600
Excise Duty on Premises or Activities - Remote Betting Intermediary's,2019,110000
Excise Duty on Premises or Activities - Remote Bookmaker's,2019,1160000
Excise Duty on Premises or Activities - Clubs,2019,476975
Excise Duty on Premises or Activities - Public Dancing Licences,2019,2879185
Excise Duty on Premises or Activities - Licences,2019,17857635
Excise Duty on Premises or Activities - An Post,2019,14440
Alcohols Beer - Import,2018,147752280
Alcohols Beer - Home,2018,282341527
Alcohols Cider and Perry - Import,2018,9367572
Alcohols Cider and Perry - Home,2018,51814713
Alcohols Spirits - Import,2018,242769538
Alcohols Spirits - Home,2018,129391408
Alcohols Wine,2018,358098464
Alcohols Made Wine,2018,18267617
Tobacco Cigarettes,2018,646135429
Tobacco Cigars /Fine Cut / Other Smoking,2018,102613074
Mineral Hydrocarbon Light Oils - Import ,2018,598024186
Mineral Hydrocarbon Light Oils - Home ,2018,-1199
Hydrocarbon Heavy Oils  - AutoDiesel,2018,1520744565
Hydrocarbon Heavy Oils - Marked Gas Oil,2018,43573721
Hydrocarbon Heavy Oils - Alumina Manufacture & Residual Fuel Oils,2018,761153
Gaseous Hydrocarbons in Liquid Form - Auto LPG ,2018,202216
Carbon Auto Diesel,2018,182821260
Carbon Petrol,2018,48089552
Carbon Aviation Gasoline,2018,38905
Carbon Kerosene,2018,58617823
Carbon Marked Gas Oil,2018,54306727
Carbon Fuel Oil,2018,1627306
Carbon Other LPG,2018,10243207
Carbon Auto LPG,2018,91817
Carbon Natural Gas,2018,49976681
Carbon Solid Fuel,2018,25318647
Electricity Tax,2018,2533033
Sugar Tax,2018,16330944
Vehicle Registration Tax,2018,885318887
Excise Duty on Premises or Activities - Traditional Betting Duty,2018,28867366
Excise Duty on Premises or Activities - Remote Betting Duty,2018,21687526
Excise Duty on Premises or Activities - Betting Commissions Duty,2018,1781526
Excise Duty on Premises or Activities - Bookmakers Licences,2018,62250
Excise Duty on Premises or Activities - Bookmaking Premises,2018,330600
Excise Duty on Premises or Activities - Remote Betting Intermediary's,2018,35000
Excise Duty on Premises or Activities - Remote Bookmaker's,2018,155000
Excise Duty on Premises or Activities - Clubs,2018,213180
Excise Duty on Premises or Activities - Public Dancing Licences,2018,6156767
Excise Duty on Premises or Activities - Licences,2018,18113600
Excise Duty on Premises or Activities - An Post,2018,5888
Alcohols Beer - Import,2017,148652534
Alcohols Beer - Home,2017,275222159
Alcohols Cider and Perry - Import,2017,9298660
Alcohols Cider and Perry - Home,2017,51823660
Alcohols Spirits - Import,2017,229141251
Alcohols Spirits - Home,2017,123899587
Alcohols Wine,2017,362855890
Alcohols Made Wine,2017,18963831
Tobacco Cigarettes,2017,1241359488
Tobacco Cigars /Fine Cut / Other Smoking,2017,156035800
Mineral Hydrocarbon Light Oils - Import ,2017,608972326
Mineral Hydrocarbon Light Oils - Home ,2017,17725693
Hydrocarbon Heavy Oils  - AutoDiesel,2017,1402808105
Hydrocarbon Heavy Oils - Marked Gas Oil,2017,31328520
Hydrocarbon Heavy Oils - Alumina Manufacture & Residual Fuel Oils,2017,892621
Gaseous Hydrocarbons in Liquid Form - Auto LPG ,2017,229881
Carbon Auto Diesel,2017,179533127
Carbon Petrol,2017,54066652
Carbon Aviation Gasoline,2017,37770
Carbon Kerosene,2017,52413759
Carbon Marked Gas Oil,2017,48668876
Carbon Fuel Oil,2017,2329434
Carbon Other LPG,2017,9235953
Carbon Auto LPG,2017,125765
Carbon Natural Gas,2017,54100070
Carbon Solid Fuel,2017,19091956
Electricity Tax,2017,3597819
Vehicle Registration Tax,2017,840597090
Excise Duty on Premises or Activities - Traditional Betting Duty,2017,28956966
Excise Duty on Premises or Activities - Remote Betting Duty,2017,21421353
Excise Duty on Premises or Activities - Betting Commissions Duty,2017,1836847
Excise Duty on Premises or Activities - Bookmakers Licences,2017,77250
Excise Duty on Premises or Activities - Bookmaking Premises,2017,329460
Excise Duty on Premises or Activities - Remote Betting Intermediary's,2017,100000
Excise Duty on Premises or Activities - Remote Bookmaker's,2017,1105000
Excise Duty on Premises or Activities - Clubs,2017,248140
Excise Duty on Premises or Activities - Public Dancing Licences,2017,3199270
Excise Duty on Premises or Activities - Licences,2017,17182635
Excise Duty on Premises or Activities - An Post,2017,21504
Alcohols Beer - Import,2016,151419840
Alcohols Beer - Home,2016,278451591
Alcohols Cider and Perry - Import,2016,8446942
Alcohols Cider and Perry - Home,2016,50856424
Alcohols Spirits - Import,2016,218871050
Alcohols Spirits - Home,2016,119130326
Alcohols Wine,2016,361015108
Alcohols Made Wine,2016,19283217
Tobacco Cigarettes,2016,973261840
Tobacco Cigars /Fine Cut / Other Smoking,2016,124449800
Mineral Hydrocarbon Light Oils - Import ,2016,555902071
Mineral Hydrocarbon Light Oils - Home ,2016,165102783
Hydrocarbon Heavy Oils  - AutoDiesel,2016,1408008339
Hydrocarbon Heavy Oils - Marked Gas Oil,2016,38348946
Hydrocarbon Heavy Oils - Alumina Manufacture & Residual Fuel Oils,2016,877465
Gaseous Hydrocarbons in Liquid Form - Auto LPG ,2016,271584
Carbon Auto Diesel,2016,171426636
Carbon Petrol,2016,58519752
Carbon Aviation Gasoline,2016,42139
Carbon Kerosene,2016,52825306
Carbon Marked Gas Oil,2016,56082875
Carbon Fuel Oil,2016,2160118
Carbon Other LPG,2016,8798950
Carbon Auto LPG,2016,142481
Carbon Natural Gas,2016,55817046
Carbon Solid Fuel,2016,24432254
Electricity Tax,2016,4616490
Vehicle Registration Tax,2016,814213075
Excise Duty on Premises or Activities - Traditional Betting Duty,2016,28126271
Excise Duty on Premises or Activities - Remote Betting Duty,2016,20749097
Excise Duty on Premises or Activities - Betting Commissions Duty,2016,1869886
Excise Duty on Premises or Activities - Bookmakers Licences,2016,77250
Excise Duty on Premises or Activities - Bookmaking Premises,2016,610920
Excise Duty on Premises or Activities - Remote Betting Intermediary's,2016,45000
Excise Duty on Premises or Activities - Remote Bookmaker's,2016,215000
Excise Duty on Premises or Activities - Clubs,2016,280590
Excise Duty on Premises or Activities - Public Dancing Licences,2016,4654560
Excise Duty on Premises or Activities - Licences,2016,16317746
Excise Duty on Premises or Activities - An Post,2016,4483
Alcohols Beer - Import,2015,144496645
Alcohols Beer - Home,2015,272783937
Alcohols Cider and Perry - Import,2015,7780525
Alcohols Cider and Perry - Home,2015,45984160
Alcohols Spirits - Import,2015,200094529
Alcohols Spirits - Home,2015,110932467
Alcohols Wine,2015,336660477
Alcohols Made Wine,2015,17972439
Tobacco Cigarettes,2015,937567748
Tobacco Cigars /Fine Cut / Other Smoking,2015,144723747
Mineral Hydrocarbon Light Oils - Import ,2015,600130966
Mineral Hydrocarbon Light Oils - Home ,2015,168259558
Hydrocarbon Heavy Oils  - AutoDiesel,2015,1307540037
Hydrocarbon Heavy Oils - Marked Gas Oil,2015,37280660
Hydrocarbon Heavy Oils - Alumina Manufacture & Residual Fuel Oils,2015,896831
Gaseous Hydrocarbons in Liquid Form - Auto LPG ,2015,274709
Carbon Auto Diesel,2015,158138910
Carbon Petrol,2015,62311873
Carbon Aviation Gasoline,2015,45178
Carbon Kerosene,2015,52826340
Carbon Marked Gas Oil,2015,55046934
Carbon Fuel Oil,2015,1998130
Carbon Other LPG,2015,8402454
Carbon Auto LPG,2015,142447
Carbon Natural Gas,2015,56568072
Carbon Solid Fuel,2015,23495895
Electricity Tax,2015,4486734
Vehicle Registration Tax,2015,649588221
Excise Duty on Premises or Activities - Traditional Betting Duty,2015,27744245
Excise Duty on Premises or Activities - Remote Betting Duty,2015,3003066
Excise Duty on Premises or Activities - Betting Commissions Duty,2015,316452
Excise Duty on Premises or Activities - Bookmakers Licences,2015,90500
Excise Duty on Premises or Activities - Bookmaking Premises,2015,118560
Excise Duty on Premises or Activities - Remote Betting Intermediary's,2015,75000
Excise Duty on Premises or Activities - Remote Bookmaker's,2015,290000
Excise Duty on Premises or Activities - Clubs,2015,232500
Excise Duty on Premises or Activities - Public Dancing Licences,2015,4800430
Excise Duty on Premises or Activities - Licences,2015,15358874
Excise Duty on Premises or Activities - An Post,2015,5265
Excise Duty on Premises or Activities - Air Travel Tax,2015,13009
Alcohols Beer - Import,2014,156305365
Alcohols Beer - Home,2014,268550825
Alcohols Cider and Perry - Import,2014,7632075
Alcohols Cider and Perry - Home,2014,50908354
Alcohols Spirits - Import,2014,193749238
Alcohols Spirits - Home,2014,108017068
Alcohols Wine,2014,339532753
Alcohols Made Wine,2014,15088725
Tobacco Cigarettes,2014,881330716
Tobacco Cigars /Fine Cut / Other Smoking,2014,102261986
Mineral Hydrocarbon Light Oils - Import ,2014,620380499
Mineral Hydrocarbon Light Oils - Home ,2014,179205881
Hydrocarbon Heavy Oils  - AutoDiesel,2014,1181615593
Hydrocarbon Heavy Oils - Marked Gas Oil,2014,35959634
Hydrocarbon Heavy Oils - Alumina Manufacture & Residual Fuel Oils,2014,998099
Gaseous Hydrocarbons in Liquid Form - Auto LPG ,2014,228097
Carbon Auto Diesel,2014,144863293
Carbon Petrol,2014,65692064
Carbon Aviation Gasoline,2014,20653
Carbon Kerosene,2014,42278257
Carbon Marked Gas Oil,2014,54173402
Carbon Fuel Oil,2014,1775642
Carbon Other LPG,2014,7530822
Carbon Auto LPG,2014,113611
Carbon Natural Gas,2014,51679528
Carbon Solid Fuel,2014,17234613
Electricity Tax,2014,5526915
Vehicle Registration Tax,2014,542099431
Excise Duty on Premises or Activities - Traditional Betting Duty,2014,26162214
Excise Duty on Premises or Activities - Bookmakers Licences,2014,95000
Excise Duty on Premises or Activities - Bookmaking Premises,2014,420280
Excise Duty on Premises or Activities - Clubs,2014,251230
Excise Duty on Premises or Activities - Public Dancing Licences,2014,4899090
Excise Duty on Premises or Activities - Licences,2014,15315336
Excise Duty on Premises or Activities - An Post,2014,4841
Excise Duty on Premises or Activities - Air Travel Tax,2014,9869771
Alcohols Beer - Import,2013,125710237
Alcohols Beer - Home,2013,232295765
Alcohols Cider and Perry - Import,2013,6431952
Alcohols Cider and Perry - Home,2013,45184064
Alcohols Spirits - Import,2013,181902842
Alcohols Spirits - Home,2013,108396507
Alcohols Wine,2013,289011845
Alcohols Made Wine,2013,13082062
Tobacco Cigarettes,2013,955191095
Tobacco Cigars /Fine Cut / Other Smoking,2013,108703371
Mineral Hydrocarbon Light Oils - Import ,2013,657452557
Mineral Hydrocarbon Light Oils - Home ,2013,192850864
Hydrocarbon Heavy Oils  - AutoDiesel,2013,1133543575
Hydrocarbon Heavy Oils - Marked Gas Oil,2013,42465717
Hydrocarbon Heavy Oils - Alumina Manufacture & Residual Fuel Oils,2013,1086677
Gaseous Hydrocarbons in Liquid Form - Auto LPG ,2013,136035
Carbon Auto Diesel,2013,137234689
Carbon Petrol,2013,69593279
Carbon Aviation Gasoline,2013,26253
Carbon Kerosene,2013,47318835
Carbon Marked Gas Oil,2013,60390958
Carbon Fuel Oil,2013,2308467
Carbon Other LPG,2013,7577986
Carbon Auto LPG,2013,68731
Carbon Natural Gas,2013,56541823
Carbon Solid Fuel,2013,7315971
Electricity Tax,2013,6318082
Vehicle Registration Tax,2013,437308610
Excise Duty on Premises or Activities - Traditional Betting Duty,2013,25421396
Excise Duty on Premises or Activities - Bookmakers Licences,2013,96500
Excise Duty on Premises or Activities - Bookmaking Premises,2013,358340
Excise Duty on Premises or Activities - Clubs,2013,252505
Excise Duty on Premises or Activities - Public Dancing Licences,2013,5247495
Excise Duty on Premises or Activities - Licences,2013,14999740
Excise Duty on Premises or Activities - An Post,2013,3808
Excise Duty on Premises or Activities - Air Travel Tax,2013,34909146
Alcohols Beer - Import,2012,103909225
Alcohols Beer - Home,2012,204094346
Alcohols Cider and Perry - Import,2012,5895831
Alcohols Cider and Perry - Home,2012,36858873
Alcohols Spirits - Import,2012,149209929
Alcohols Spirits - Home,2012,114643818
Alcohols Wine,2012,219788673
Alcohols Made Wine,2012,11656176
Tobacco Cigarettes,2012,989581642
Tobacco Cigars /Fine Cut / Other Smoking,2012,82683860
Mineral Hydrocarbon Light Oils - Import ,2012,675289372
Mineral Hydrocarbon Light Oils - Home ,2012,228777415
Hydrocarbon Heavy Oils  - AutoDiesel,2012,1071436081
Hydrocarbon Heavy Oils - Marked Gas Oil,2012,43534389
Hydrocarbon Heavy Oils - Alumina Manufacture & Residual Fuel Oils,2012,1195440
Gaseous Hydrocarbons in Liquid Form - Auto LPG ,2012,56450
Carbon Auto Diesel,2012,130778847
Carbon Petrol,2012,74622264
Carbon Aviation Gasoline,2012,48549
Carbon Kerosene,2012,40412885
Carbon Marked Gas Oil,2012,54721071
Carbon Fuel Oil,2012,2319299
Carbon Other LPG,2012,6516147
Carbon Auto LPG,2012,25094
Carbon Natural Gas,2012,44510054
Electricity Tax,2012,7054083
Vehicle Registration Tax,2012,379345821
Excise Duty on Premises or Activities - Traditional Betting Duty,2012,27087826
Excise Duty on Premises or Activities - Bookmakers Licences,2012,126500
Excise Duty on Premises or Activities - Bookmaking Premises,2012,434110
Excise Duty on Premises or Activities - Clubs,2012,296680
Excise Duty on Premises or Activities - Public Dancing Licences,2012,4603320
Excise Duty on Premises or Activities - Licences,2012,14469391
Excise Duty on Premises or Activities - An Post,2012,4377
Excise Duty on Premises or Activities - Air Travel Tax,2012,33614313
Alcohols Beer - Import,2011,103997772
Alcohols Beer - Home,2011,203330069
Alcohols Cider and Perry - Import,2011,6489351
Alcohols Cider and Perry - Home,2011,37465244
Alcohols Spirits - Import,2011,128833272
Alcohols Spirits - Home,2011,118446033
Alcohols Wine,2011,221986492
Alcohols Made Wine,2011,8975248
Tobacco Cigarettes,2011,1056753195
Tobacco Cigars /Fine Cut / Other Smoking,2011,69356535
Mineral Hydrocarbon Light Oils - Import ,2011,740212365
Mineral Hydrocarbon Light Oils - Home ,2011,252403872
Hydrocarbon Heavy Oils  - AutoDiesel,2011,1078255205
Hydrocarbon Heavy Oils - Marked Gas Oil,2011,50621974
Hydrocarbon Heavy Oils - Alumina Manufacture & Residual Fuel Oils,2011,1267474
Gaseous Hydrocarbons in Liquid Form - Auto LPG ,2011,28905
Carbon Auto Diesel,2011,97534128
Carbon Petrol,2011,60105971
Carbon Aviation Gasoline,2011,36570
Carbon Kerosene,2011,40522911
Carbon Marked Gas Oil,2011,48946576
Carbon Fuel Oil,2011,2333380
Carbon Other LPG,2011,5614314
Carbon Auto LPG,2011,11946
Carbon Natural Gas,2011,43125262
Electricity Tax,2011,6856173
Vehicle Registration Tax,2011,388353746
Excise Duty on Premises or Activities - Traditional Betting Duty,2011,27096522
Excise Duty on Premises or Activities - Bookmakers Licences,2011,112500
Excise Duty on Premises or Activities - Bookmaking Premises,2011,400900
Excise Duty on Premises or Activities - Clubs,2011,264050
Excise Duty on Premises or Activities - Public Dancing Licences,2011,8674730
Excise Duty on Premises or Activities - Licences,2011,15629316
Excise Duty on Premises or Activities - An Post,2011,3194
Excise Duty on Premises or Activities - Air Travel Tax,2011,47880527
Alcohols Beer - Import,2010,104629011
Alcohols Beer - Home,2010,215478366
Alcohols Cider and Perry - Import,2010,6343639
Alcohols Cider and Perry - Home,2010,37661885
Alcohols Spirits - Import,2010,123366123
Alcohols Spirits - Home,2010,120120046
Alcohols Wine,2010,210869065
Alcohols Made Wine,2010,7950294
Tobacco Cigarettes,2010,1100902733
Tobacco Cigars /Fine Cut / Other Smoking,2010,58734198
Mineral Hydrocarbon Light Oils - Import ,2010,643966089
Mineral Hydrocarbon Light Oils - Home ,2010,337850479
Hydrocarbon Heavy Oils  - AutoDiesel,2010,1039977463
Hydrocarbon Heavy Oils - Marked Gas Oil,2010,51044589
Hydrocarbon Heavy Oils - Alumina Manufacture & Residual Fuel Oils,2010,1930005
Gaseous Hydrocarbons in Liquid Form - Auto LPG ,2010,28013
Carbon Auto Diesel,2010,98405528
Carbon Petrol,2010,65089700
Carbon Aviation Gasoline,2010,38809
Carbon Kerosene,2010,16991491
Carbon Marked Gas Oil,2010,27034766
Carbon Fuel Oil,2010,1565129
Carbon Other LPG,2010,2631237
Carbon Auto LPG,2010,6132
Carbon Natural Gas,2010,11321744
Electricity Tax,2010,7082028
Vehicle Registration Tax,2010,383485187
Excise Duty on Premises or Activities - Betting Duty,2010,30919211
Excise Duty on Premises or Activities - Bookmakers Licences,2010,118500
Excise Duty on Premises or Activities - Bookmaking Premises,2010,467780
Excise Duty on Premises or Activities - Clubs,2010,304260
Excise Duty on Premises or Activities - Public Dancing Licences,2010,7743320
Excise Duty on Premises or Activities - Licences,2010,16015213
Excise Duty on Premises or Activities - An Post,2010,3270
Excise Duty on Premises or Activities - Air Travel Tax,2010,104650867
Alcohols Beer - Import,2009,125972764
Alcohols Beer - Home,2009,278308367
Alcohols Cider and Perry - Import,2009,7925578
Alcohols Cider and Perry - Home,2009,49220802
Alcohols Spirits - Import,2009,127314178
Alcohols Spirits - Home,2009,136764021
Alcohols Wine,2009,233080168
Alcohols Made Wine,2009,9432467
Tobacco Cigarettes,2009,1155366383
Tobacco Cigars /Fine Cut / Other Smoking,2009,61110266
Mineral Hydrocarbon Light Oils - Import ,2009,777556192
Mineral Hydrocarbon Light Oils - Home ,2009,297497719
Hydrocarbon Heavy Oils  - AutoDiesel,2009,1060292645
Hydrocarbon Heavy Oils - Marked Gas Oil,2009,54982840
Hydrocarbon Heavy Oils - Alumina Manufacture & Residual Fuel Oils,2009,2077610
Gaseous Hydrocarbons in Liquid Form - Auto LPG ,2009,30625
Electricity Tax,2009,1942628
Vehicle Registration Tax,2009,375402902
Excise Duty on Premises or Activities - Betting Duty,2009,30988780
Excise Duty on Premises or Activities - Bookmakers Licences,2009,161250
Excise Duty on Premises or Activities - Bookmaking Premises,2009,645620
Excise Duty on Premises or Activities - Clubs,2009,436365
Excise Duty on Premises or Activities - Firearms Certificates,2009,2836966
Excise Duty on Premises or Activities - Firearm Dealers,2009,67939
Excise Duty on Premises or Activities - Public Dancing Licences,2009,8364989
Excise Duty on Premises or Activities - Licences,2009,19308793
Excise Duty on Premises or Activities - An Post,2009,9547
Excise Duty on Premises or Activities - Air Travel Tax,2009,84406247
Alcohols Beer - Import,2008,117847772
Alcohols Beer - Home,2008,309303625
Alcohols Cider and Perry - Import,2008,8579299
Alcohols Cider and Perry - Home,2008,51976398
Alcohols Spirits - Import,2008,157109812
Alcohols Spirits - Home,2008,193800889
Alcohols Wine,2008,229128346
Alcohols Made Wine,2008,2202288
Tobacco Cigarettes,2008,1131532463
Tobacco Cigars /Fine Cut / Other Smoking,2008,39457948
Mineral Hydrocarbon Light Oils - Import ,2008,682989863
Mineral Hydrocarbon Light Oils - Home ,2008,363784999
Hydrocarbon Heavy Oils  - AutoDiesel,2008,1051860173
Hydrocarbon Heavy Oils - Marked Gas Oil,2008,65207804
Hydrocarbon Heavy Oils - Alumina Manufacture & Residual Fuel Oils,2008,6256049
Gaseous Hydrocarbons in Liquid Form - Auto LPG ,2008,49347
Vehicle Registration Tax,2008,1120777384
Excise Duty on Premises or Activities - Betting Duty,2008,36667784
Excise Duty on Premises or Activities - Bookmakers Licences,2008,133000
Excise Duty on Premises or Activities - Bookmaking Premises,2008,415340
Excise Duty on Premises or Activities - Clubs,2008,452610
Excise Duty on Premises or Activities - Firearms Certificates,2008,4443937
Excise Duty on Premises or Activities - Firearm Dealers,2008,71804
Excise Duty on Premises or Activities - Public Dancing Licences,2008,10377810
Excise Duty on Premises or Activities - Other,2008, -   
Excise Duty on Premises or Activities - Foreign Travel,2008,1582
Excise Duty on Premises or Activities - Licences,2008,15255942
Excise Duty on Premises or Activities - An Post,2008,7856
Alcohols Beer - Import,2007,157883543
Alcohols Beer - Home,2007,306918459
Alcohols Cider and Perry - Import,2007,9289639
Alcohols Cider and Perry - Home,2007,59007261
Alcohols Spirits - Import,2007,165241257
Alcohols Spirits - Home,2007,202317032
Alcohols Wine,2007,229325135
Alcohols Made Wine,2007,875063
Tobacco Cigarettes,2007,1154976838
Tobacco Cigars /Fine Cut / Other Smoking,2007,37000027
Mineral Hydrocarbon Light Oils - Import ,2007,701441897
Mineral Hydrocarbon Light Oils - Home ,2007,349825818
Hydrocarbon Heavy Oils  - AutoDiesel,2007,1076256203
Hydrocarbon Heavy Oils - Marked Gas Oil,2007,68092313
Hydrocarbon Heavy Oils - Alumina Manufacture & Residual Fuel Oils,2007,8404384
Gaseous Hydrocarbons in Liquid Form - Auto LPG ,2007,65933
Vehicle Registration Tax,2007,1406055634
Excise Duty on Premises or Activities - Betting Duty,2007,36437009
Excise Duty on Premises or Activities - Bookmakers Licences,2007,177000
Excise Duty on Premises or Activities - Bookmaking Premises,2007,529720
Excise Duty on Premises or Activities - Clubs,2007,449640
Excise Duty on Premises or Activities - Firearms Certificates,2007,6949059
Excise Duty on Premises or Activities - Firearm Dealers,2007,32018
Excise Duty on Premises or Activities - Public Dancing Licences,2007,10241220
Excise Duty on Premises or Activities - Other,2007,-50
Excise Duty on Premises or Activities - Foreign Travel,2007,62
Excise Duty on Premises or Activities - Licences,2007,15926669
Excise Duty on Premises or Activities - An Post,2007,4322
Alcohols Beer - Import,2006,111507924
Alcohols Beer - Home,2006,349185923
Alcohols Cider and Perry - Import,2006,8476685
Alcohols Cider and Perry - Home,2006,60699512
Alcohols Spirits - Import,2006,145154076
Alcohols Spirits - Home,2006,192886205
Alcohols Wine,2006,207155402
Alcohols Made Wine,2006,2083347
Tobacco Cigarettes,2006,1071394609
Tobacco Cigars /Fine Cut / Other Smoking,2006,31948391
Mineral Hydrocarbon Light Oils - Import ,2006,698655597
Mineral Hydrocarbon Light Oils - Home ,2006,327704712
Hydrocarbon Heavy Oils  - AutoDiesel,2006,1016729065
Hydrocarbon Heavy Oils - Marked Gas Oil,2006,68779311
Hydrocarbon Heavy Oils - Kerosene,2006,18020958
Hydrocarbon Heavy Oils - Alumina Manufacture & Residual Fuel Oils,2006,11350256
Gaseous Hydrocarbons in Liquid Form - Auto LPG ,2006,95672
Gaseous Hydrocarbons in Liquid Form - Other LPG ,2006,2829229
Vehicle Registration Tax,2006,1287407855
Excise Duty on Premises or Activities - Betting Duty,2006,54295658
Excise Duty on Premises or Activities - Bookmakers Licences,2006,123750
Excise Duty on Premises or Activities - Bookmaking Premises,2006,386840
Excise Duty on Premises or Activities - Clubs,2006,458960
Excise Duty on Premises or Activities - Firearms Certificates,2006,2159899
Excise Duty on Premises or Activities - Firearm Dealers,2006,15897
Excise Duty on Premises or Activities - Public Dancing Licences,2006,11189946
Excise Duty on Premises or Activities - Other,2006,-848
Excise Duty on Premises or Activities - Foreign Travel,2006,-17079
Excise Duty on Premises or Activities - Licences,2006,15842241
Excise Duty on Premises or Activities - An Post,2006,14207
Alcohols Beer - Import,2005,95377167
Alcohols Beer - Home,2005,361930565
Alcohols Cider and Perry - Import,2005,7120556
Alcohols Cider and Perry - Home,2005,58937179
Alcohols Spirits - Import,2005,136291848
Alcohols Spirits - Home,2005,183487253
Alcohols Wine,2005,193369149
Alcohols Made Wine,2005,1760031
Tobacco Cigarettes,2005,1053565948
Tobacco Cigars /Fine Cut / Other Smoking,2005,25985239
Mineral Hydrocarbon Light Oils - Import ,2005,701222060
Mineral Hydrocarbon Light Oils - Home ,2005,300657225
Hydrocarbon Heavy Oils  - AutoDiesel,2005,920482423
Hydrocarbon Heavy Oils - Marked Gas Oil,2005,72930000
Hydrocarbon Heavy Oils - Kerosene,2005,33660000
Hydrocarbon Heavy Oils - Alumina Manufacture & Residual Fuel Oils,2005,13430000
Gaseous Hydrocarbons in Liquid Form - Auto LPG ,2005,108426
Gaseous Hydrocarbons in Liquid Form - Other LPG ,2005,5404755
Vehicle Registration Tax,2005,1148783152
Excise Duty on Premises or Activities - Betting Duty,2005,45850201
Excise Duty on Premises or Activities - Bookmakers Licences,2005,147500
Excise Duty on Premises or Activities - Bookmaking Premises,2005,400900
Excise Duty on Premises or Activities - Clubs,2005,470160
Excise Duty on Premises or Activities - Firearms Certificates,2005,5079135
Excise Duty on Premises or Activities - Firearm Dealers,2005,24088
Excise Duty on Premises or Activities - Public Dancing Licences,2005,9954858
Excise Duty on Premises or Activities - Other,2005,-2222
Excise Duty on Premises or Activities - Licences,2005,14693264
Excise Duty on Premises or Activities - An Post,2005,9233
Alcohols Beer - Import,2004,80113005
Alcohols Beer - Home,2004,378081957
Alcohols Cider and Perry - Import,2004,6490209
Alcohols Cider and Perry - Home,2004,57705722
Alcohols Spirits - Import,2004,139689237
Alcohols Spirits - Home,2004,175217210
Alcohols Wine,2004,182430149
Alcohols Made Wine,2004,2364410
Tobacco Cigarettes,2004,1024589939
Tobacco Cigars /Fine Cut / Other Smoking,2004,34562167
Mineral Hydrocarbon Light Oils - Import ,2004,729687642
Mineral Hydrocarbon Light Oils - Home ,2004,241013862
Hydrocarbon Heavy Oils  - AutoDiesel,2004,870734501
Hydrocarbon Heavy Oils - Marked Gas Oil,2004,70879147
Hydrocarbon Heavy Oils - Kerosene,2004,33458184
Hydrocarbon Heavy Oils - Alumina Manufacture & Residual Fuel Oils,2004,12415116
Gaseous Hydrocarbons in Liquid Form - Auto LPG ,2004,77343
Gaseous Hydrocarbons in Liquid Form - Other LPG ,2004,5078898
Vehicle Registration Tax,2004,945973401
Excise Duty on Premises or Activities - Betting Duty,2004,45552353
Excise Duty on Premises or Activities - Bookmakers Licences,2004,131474
Excise Duty on Premises or Activities - Bookmaking Premises,2004,329080
Excise Duty on Premises or Activities - Clubs,2004,439195
Excise Duty on Premises or Activities - Firearms Certificates,2004,4391802
Excise Duty on Premises or Activities - Firearm Dealers,2004,28383
Excise Duty on Premises or Activities - Public Dancing Licences,2004,9772946
Excise Duty on Premises or Activities - Other,2004,87
Excise Duty on Premises or Activities - Foreign Travel,2004,-42793
Excise Duty on Premises or Activities - Licences,2004,15309361
Excise Duty on Premises or Activities - An Post,2004,22088
Alcohols Beer - Import,2003,82770969
Alcohols Beer - Import,2003,372619049
Alcohols Cider and Perry - Import,2003,5568151
Alcohols Cider and Perry - Home,2003,54818888
Alcohols Spirits - Import,2003,132073661
Alcohols Spirits - Home,2003,172951978
Alcohols Wine,2003,165614272
Alcohols Made Wine,2003,2208137
Tobacco Cigarettes,2003,1119452754
Tobacco Cigars /Fine Cut / Other Smoking,2003,37795038
Mineral Hydrocarbon Light Oils - Import ,2003,609339024
Mineral Hydrocarbon Light Oils - Home ,2003,244445312
Hydrocarbon Heavy Oils  - AutoDiesel,2003,731464128
Hydrocarbon Heavy Oils - Marked Gas Oil,2003,69610348
Hydrocarbon Heavy Oils - Kerosene,2003,31095137
Hydrocarbon Heavy Oils - Alumina Manufacture & Residual Fuel Oils,2003,10453038
Gaseous Hydrocarbons in Liquid Form - Auto LPG ,2003,93663
Gaseous Hydrocarbons in Liquid Form - Other LPG ,2003,4970760
Vehicle Registration Tax,2003,819449745
Excise Duty on Premises or Activities - Betting Duty,2003,38422170
Excise Duty on Premises or Activities - Bookmakers Licences,2003,145124
Excise Duty on Premises or Activities - Bookmaking Premises,2003,368980
Excise Duty on Premises or Activities - Clubs,2003,403495
Excise Duty on Premises or Activities - Firearms Certificates,2003,5700450
Excise Duty on Premises or Activities - Firearm Dealers,2003,25792
Excise Duty on Premises or Activities - Public Dancing Licences,2003,9494853
Excise Duty on Premises or Activities - Other,2003,2202
Excise Duty on Premises or Activities - Foreign Travel,2003,-45159
Excise Duty on Premises or Activities - Licences,2003,14779190
Excise Duty on Premises or Activities - An Post,2003,12000
