"Statistic Label","Year","Sex","Age Group","UNIT","VALUE"
"All persons who smoke","2015","Both sexes","All ages","%","22.8"
"All persons who smoke","2015","Both sexes","15 - 19 years","%","11.4"
"All persons who smoke","2015","Both sexes","20 - 24 years","%","29.7"
"All persons who smoke","2015","Both sexes","25 - 29 years","%","33.4"
"All persons who smoke","2015","Both sexes","30 - 34 years","%","31.2"
"All persons who smoke","2015","Both sexes","35 - 39 years","%","24.9"
"All persons who smoke","2015","Both sexes","40 - 44 years","%","28"
"All persons who smoke","2015","Both sexes","45 - 49 years","%","26"
"All persons who smoke","2015","Both sexes","50 - 54 years","%","24"
"All persons who smoke","2015","Both sexes","55 - 59 years","%","17.3"
"All persons who smoke","2015","Both sexes","60 - 64 years","%","18.5"
"All persons who smoke","2015","Both sexes","65 - 69 years","%","17.1"
"All persons who smoke","2015","Both sexes","70 - 74 years","%","12.8"
"All persons who smoke","2015","Both sexes","75 years and over","%","7.1"
"All persons who smoke","2015","Male","All ages","%","24.3"
"All persons who smoke","2015","Male","15 - 19 years","%","9.8"
"All persons who smoke","2015","Male","20 - 24 years","%","29.8"
"All persons who smoke","2015","Male","25 - 29 years","%","36"
"All persons who smoke","2015","Male","30 - 34 years","%","34.8"
"All persons who smoke","2015","Male","35 - 39 years","%","28.5"
"All persons who smoke","2015","Male","40 - 44 years","%","26.7"
"All persons who smoke","2015","Male","45 - 49 years","%","28.8"
"All persons who smoke","2015","Male","50 - 54 years","%","27.2"
"All persons who smoke","2015","Male","55 - 59 years","%","17.7"
"All persons who smoke","2015","Male","60 - 64 years","%","17.5"
"All persons who smoke","2015","Male","65 - 69 years","%","20.6"
"All persons who smoke","2015","Male","70 - 74 years","%","13.9"
"All persons who smoke","2015","Male","75 years and over","%","7.1"
"All persons who smoke","2015","Female","All ages","%","21.2"
"All persons who smoke","2015","Female","15 - 19 years","%","12.9"
"All persons who smoke","2015","Female","20 - 24 years","%","29.5"
"All persons who smoke","2015","Female","25 - 29 years","%","30.5"
"All persons who smoke","2015","Female","30 - 34 years","%","28.3"
"All persons who smoke","2015","Female","35 - 39 years","%","21.4"
"All persons who smoke","2015","Female","40 - 44 years","%","29.3"
"All persons who smoke","2015","Female","45 - 49 years","%","23.1"
"All persons who smoke","2015","Female","50 - 54 years","%","21.1"
"All persons who smoke","2015","Female","55 - 59 years","%","16.9"
"All persons who smoke","2015","Female","60 - 64 years","%","19.5"
"All persons who smoke","2015","Female","65 - 69 years","%","13.7"
"All persons who smoke","2015","Female","70 - 74 years","%","11.8"
"All persons who smoke","2015","Female","75 years and over","%","7.2"
"All persons who smoke","2016","Both sexes","All ages","%","22.6"
"All persons who smoke","2016","Both sexes","15 - 19 years","%","13.6"
"All persons who smoke","2016","Both sexes","20 - 24 years","%","28.6"
"All persons who smoke","2016","Both sexes","25 - 29 years","%","30.8"
"All persons who smoke","2016","Both sexes","30 - 34 years","%","35"
"All persons who smoke","2016","Both sexes","35 - 39 years","%","29"
"All persons who smoke","2016","Both sexes","40 - 44 years","%","23.1"
"All persons who smoke","2016","Both sexes","45 - 49 years","%","25.2"
"All persons who smoke","2016","Both sexes","50 - 54 years","%","22.5"
"All persons who smoke","2016","Both sexes","55 - 59 years","%","20"
"All persons who smoke","2016","Both sexes","60 - 64 years","%","16"
"All persons who smoke","2016","Both sexes","65 - 69 years","%","13.5"
"All persons who smoke","2016","Both sexes","70 - 74 years","%","13.5"
"All persons who smoke","2016","Both sexes","75 years and over","%","9.2"
"All persons who smoke","2016","Male","All ages","%","25.7"
"All persons who smoke","2016","Male","15 - 19 years","%","13.2"
"All persons who smoke","2016","Male","20 - 24 years","%","26.8"
"All persons who smoke","2016","Male","25 - 29 years","%","39.4"
"All persons who smoke","2016","Male","30 - 34 years","%","43.4"
"All persons who smoke","2016","Male","35 - 39 years","%","36.3"
"All persons who smoke","2016","Male","40 - 44 years","%","26.9"
"All persons who smoke","2016","Male","45 - 49 years","%","26.4"
"All persons who smoke","2016","Male","50 - 54 years","%","23.7"
"All persons who smoke","2016","Male","55 - 59 years","%","20.4"
"All persons who smoke","2016","Male","60 - 64 years","%","19.2"
"All persons who smoke","2016","Male","65 - 69 years","%","15.4"
"All persons who smoke","2016","Male","70 - 74 years","%","11.7"
"All persons who smoke","2016","Male","75 years and over","%","12.1"
"All persons who smoke","2016","Female","All ages","%","19.6"
"All persons who smoke","2016","Female","15 - 19 years","%","14.1"
"All persons who smoke","2016","Female","20 - 24 years","%","30.3"
"All persons who smoke","2016","Female","25 - 29 years","%","22.3"
"All persons who smoke","2016","Female","30 - 34 years","%","27.8"
"All persons who smoke","2016","Female","35 - 39 years","%","21.3"
"All persons who smoke","2016","Female","40 - 44 years","%","19.7"
"All persons who smoke","2016","Female","45 - 49 years","%","24.1"
"All persons who smoke","2016","Female","50 - 54 years","%","21.4"
"All persons who smoke","2016","Female","55 - 59 years","%","19.7"
"All persons who smoke","2016","Female","60 - 64 years","%","12.5"
"All persons who smoke","2016","Female","65 - 69 years","%","11.9"
"All persons who smoke","2016","Female","70 - 74 years","%","15.4"
"All persons who smoke","2016","Female","75 years and over","%","7.1"
"All persons who smoke","2017","Both sexes","All ages","%","22.2"
"All persons who smoke","2017","Both sexes","15 - 19 years","%","11.7"
"All persons who smoke","2017","Both sexes","20 - 24 years","%","28.1"
"All persons who smoke","2017","Both sexes","25 - 29 years","%","36.5"
"All persons who smoke","2017","Both sexes","30 - 34 years","%","32.8"
"All persons who smoke","2017","Both sexes","35 - 39 years","%","26.7"
"All persons who smoke","2017","Both sexes","40 - 44 years","%","21"
"All persons who smoke","2017","Both sexes","45 - 49 years","%","22.2"
"All persons who smoke","2017","Both sexes","50 - 54 years","%","20.2"
"All persons who smoke","2017","Both sexes","55 - 59 years","%","24"
"All persons who smoke","2017","Both sexes","60 - 64 years","%","16.6"
"All persons who smoke","2017","Both sexes","65 - 69 years","%","18.6"
"All persons who smoke","2017","Both sexes","70 - 74 years","%","12.3"
"All persons who smoke","2017","Both sexes","75 years and over","%","9.5"
"All persons who smoke","2017","Male","All ages","%","24.7"
"All persons who smoke","2017","Male","15 - 19 years","%","12.4"
"All persons who smoke","2017","Male","20 - 24 years","%","33.2"
"All persons who smoke","2017","Male","25 - 29 years","%","39.5"
"All persons who smoke","2017","Male","30 - 34 years","%","37.6"
"All persons who smoke","2017","Male","35 - 39 years","%","30.3"
"All persons who smoke","2017","Male","40 - 44 years","%","23.7"
"All persons who smoke","2017","Male","45 - 49 years","%","22"
"All persons who smoke","2017","Male","50 - 54 years","%","22.5"
"All persons who smoke","2017","Male","55 - 59 years","%","25"
"All persons who smoke","2017","Male","60 - 64 years","%","19.2"
"All persons who smoke","2017","Male","65 - 69 years","%","20.6"
"All persons who smoke","2017","Male","70 - 74 years","%","15.3"
"All persons who smoke","2017","Male","75 years and over","%","11.3"
"All persons who smoke","2017","Female","All ages","%","19.8"
"All persons who smoke","2017","Female","15 - 19 years","%","11"
"All persons who smoke","2017","Female","20 - 24 years","%","23.2"
"All persons who smoke","2017","Female","25 - 29 years","%","33.1"
"All persons who smoke","2017","Female","30 - 34 years","%","29"
"All persons who smoke","2017","Female","35 - 39 years","%","23.3"
"All persons who smoke","2017","Female","40 - 44 years","%","18.3"
"All persons who smoke","2017","Female","45 - 49 years","%","22.4"
"All persons who smoke","2017","Female","50 - 54 years","%","18"
"All persons who smoke","2017","Female","55 - 59 years","%","23.1"
"All persons who smoke","2017","Female","60 - 64 years","%","13.8"
"All persons who smoke","2017","Female","65 - 69 years","%","16.9"
"All persons who smoke","2017","Female","70 - 74 years","%","9.4"
"All persons who smoke","2017","Female","75 years and over","%","7.9"
"All persons who smoke","2018","Both sexes","All ages","%","19.7"
"All persons who smoke","2018","Both sexes","15 - 19 years","%","7.8"
"All persons who smoke","2018","Both sexes","20 - 24 years","%","31.2"
"All persons who smoke","2018","Both sexes","25 - 29 years","%","30.1"
"All persons who smoke","2018","Both sexes","30 - 34 years","%","26"
"All persons who smoke","2018","Both sexes","35 - 39 years","%","25.3"
"All persons who smoke","2018","Both sexes","40 - 44 years","%","18.9"
"All persons who smoke","2018","Both sexes","45 - 49 years","%","18.7"
"All persons who smoke","2018","Both sexes","50 - 54 years","%","18.6"
"All persons who smoke","2018","Both sexes","55 - 59 years","%","18.9"
"All persons who smoke","2018","Both sexes","60 - 64 years","%","20"
"All persons who smoke","2018","Both sexes","65 - 69 years","%","12.1"
"All persons who smoke","2018","Both sexes","70 - 74 years","%","13.2"
"All persons who smoke","2018","Both sexes","75 years and over","%","8"
"All persons who smoke","2018","Male","All ages","%","22.5"
"All persons who smoke","2018","Male","15 - 19 years","%","13"
"All persons who smoke","2018","Male","20 - 24 years","%","31"
"All persons who smoke","2018","Male","25 - 29 years","%","33.9"
"All persons who smoke","2018","Male","30 - 34 years","%","30.7"
"All persons who smoke","2018","Male","35 - 39 years","%","31.7"
"All persons who smoke","2018","Male","40 - 44 years","%","22.8"
"All persons who smoke","2018","Male","45 - 49 years","%","18.5"
"All persons who smoke","2018","Male","50 - 54 years","%","21"
"All persons who smoke","2018","Male","55 - 59 years","%","21.3"
"All persons who smoke","2018","Male","60 - 64 years","%","19.9"
"All persons who smoke","2018","Male","65 - 69 years","%","15.7"
"All persons who smoke","2018","Male","70 - 74 years","%","13.8"
"All persons who smoke","2018","Male","75 years and over","%","8.3"
"All persons who smoke","2018","Female","All ages","%","16.9"
"All persons who smoke","2018","Female","15 - 19 years","%","2.4"
"All persons who smoke","2018","Female","20 - 24 years","%","31.5"
"All persons who smoke","2018","Female","25 - 29 years","%","26.3"
"All persons who smoke","2018","Female","30 - 34 years","%","21.9"
"All persons who smoke","2018","Female","35 - 39 years","%","19.1"
"All persons who smoke","2018","Female","40 - 44 years","%","15.3"
"All persons who smoke","2018","Female","45 - 49 years","%","18.9"
"All persons who smoke","2018","Female","50 - 54 years","%","16.1"
"All persons who smoke","2018","Female","55 - 59 years","%","16.4"
"All persons who smoke","2018","Female","60 - 64 years","%","20.1"
"All persons who smoke","2018","Female","65 - 69 years","%","8.7"
"All persons who smoke","2018","Female","70 - 74 years","%","12.6"
"All persons who smoke","2018","Female","75 years and over","%","7.8"
"All persons who smoke","2019","Both sexes","All ages","%","17.3"
"All persons who smoke","2019","Both sexes","15 - 19 years","%","6.5"
"All persons who smoke","2019","Both sexes","20 - 24 years","%","27.2"
"All persons who smoke","2019","Both sexes","25 - 29 years","%","28.4"
"All persons who smoke","2019","Both sexes","30 - 34 years","%","24.2"
"All persons who smoke","2019","Both sexes","35 - 39 years","%","19"
"All persons who smoke","2019","Both sexes","40 - 44 years","%","17.7"
"All persons who smoke","2019","Both sexes","45 - 49 years","%","16.8"
"All persons who smoke","2019","Both sexes","50 - 54 years","%","19.2"
"All persons who smoke","2019","Both sexes","55 - 59 years","%","16.7"
"All persons who smoke","2019","Both sexes","60 - 64 years","%","14.6"
"All persons who smoke","2019","Both sexes","65 - 69 years","%","12.6"
"All persons who smoke","2019","Both sexes","70 - 74 years","%","11.8"
"All persons who smoke","2019","Both sexes","75 years and over","%","8.1"
"All persons who smoke","2019","Male","All ages","%","18.9"
"All persons who smoke","2019","Male","15 - 19 years","%","8.6"
"All persons who smoke","2019","Male","20 - 24 years","%","32"
"All persons who smoke","2019","Male","25 - 29 years","%","30.6"
"All persons who smoke","2019","Male","30 - 34 years","%","26"
"All persons who smoke","2019","Male","35 - 39 years","%","22.5"
"All persons who smoke","2019","Male","40 - 44 years","%","20.5"
"All persons who smoke","2019","Male","45 - 49 years","%","18.1"
"All persons who smoke","2019","Male","50 - 54 years","%","19.5"
"All persons who smoke","2019","Male","55 - 59 years","%","16.6"
"All persons who smoke","2019","Male","60 - 64 years","%","16.2"
"All persons who smoke","2019","Male","65 - 69 years","%","13.5"
"All persons who smoke","2019","Male","70 - 74 years","%","10.8"
"All persons who smoke","2019","Male","75 years and over","%","8.4"
"All persons who smoke","2019","Female","All ages","%","15.7"
"All persons who smoke","2019","Female","15 - 19 years","%","3.9"
"All persons who smoke","2019","Female","20 - 24 years","%","23.4"
"All persons who smoke","2019","Female","25 - 29 years","%","25.9"
"All persons who smoke","2019","Female","30 - 34 years","%","22.8"
"All persons who smoke","2019","Female","35 - 39 years","%","15.4"
"All persons who smoke","2019","Female","40 - 44 years","%","15.3"
"All persons who smoke","2019","Female","45 - 49 years","%","15.4"
"All persons who smoke","2019","Female","50 - 54 years","%","18.8"
"All persons who smoke","2019","Female","55 - 59 years","%","16.8"
"All persons who smoke","2019","Female","60 - 64 years","%","13.1"
"All persons who smoke","2019","Female","65 - 69 years","%","11.9"
"All persons who smoke","2019","Female","70 - 74 years","%","12.7"
"All persons who smoke","2019","Female","75 years and over","%","7.8"
"All persons who smoke","2021","Both sexes","All ages","%","18.3"
"All persons who smoke","2021","Both sexes","15 - 19 years","%","7.8"
"All persons who smoke","2021","Both sexes","20 - 24 years","%","20.7"
"All persons who smoke","2021","Both sexes","25 - 29 years","%","22.5"
"All persons who smoke","2021","Both sexes","30 - 34 years","%","18.4"
"All persons who smoke","2021","Both sexes","35 - 39 years","%","20.7"
"All persons who smoke","2021","Both sexes","40 - 44 years","%","22.1"
"All persons who smoke","2021","Both sexes","45 - 49 years","%","22.4"
"All persons who smoke","2021","Both sexes","50 - 54 years","%","24.6"
"All persons who smoke","2021","Both sexes","55 - 59 years","%","18.7"
"All persons who smoke","2021","Both sexes","60 - 64 years","%","19.4"
"All persons who smoke","2021","Both sexes","65 - 69 years","%","13.3"
"All persons who smoke","2021","Both sexes","70 - 74 years","%","10"
"All persons who smoke","2021","Both sexes","75 years and over","%","7.2"
"All persons who smoke","2021","Male","All ages","%","20.1"
"All persons who smoke","2021","Male","15 - 19 years","%","9.9"
"All persons who smoke","2021","Male","20 - 24 years","%","26.2"
"All persons who smoke","2021","Male","25 - 29 years","%","23.1"
"All persons who smoke","2021","Male","30 - 34 years","%","22.7"
"All persons who smoke","2021","Male","35 - 39 years","%","22.5"
"All persons who smoke","2021","Male","40 - 44 years","%","26.2"
"All persons who smoke","2021","Male","45 - 49 years","%","23.3"
"All persons who smoke","2021","Male","50 - 54 years","%","25.3"
"All persons who smoke","2021","Male","55 - 59 years","%","18.2"
"All persons who smoke","2021","Male","60 - 64 years","%","21"
"All persons who smoke","2021","Male","65 - 69 years","%","11.7"
"All persons who smoke","2021","Male","70 - 74 years","%","8.2"
"All persons who smoke","2021","Male","75 years and over","%","8.4"
"All persons who smoke","2021","Female","All ages","%","16.6"
"All persons who smoke","2021","Female","15 - 19 years","%","5.7"
"All persons who smoke","2021","Female","20 - 24 years","%","15.2"
"All persons who smoke","2021","Female","25 - 29 years","%","21.9"
"All persons who smoke","2021","Female","30 - 34 years","%","14.4"
"All persons who smoke","2021","Female","35 - 39 years","%","19.1"
"All persons who smoke","2021","Female","40 - 44 years","%","18"
"All persons who smoke","2021","Female","45 - 49 years","%","21.4"
"All persons who smoke","2021","Female","50 - 54 years","%","24"
"All persons who smoke","2021","Female","55 - 59 years","%","19.3"
"All persons who smoke","2021","Female","60 - 64 years","%","17.9"
"All persons who smoke","2021","Female","65 - 69 years","%","14.6"
"All persons who smoke","2021","Female","70 - 74 years","%","11.5"
"All persons who smoke","2021","Female","75 years and over","%","6"
"All persons who smoke","2022","Both sexes","All ages","%","18.2"
"All persons who smoke","2022","Both sexes","15 - 19 years","%","10.5"
"All persons who smoke","2022","Both sexes","20 - 24 years","%","20.7"
"All persons who smoke","2022","Both sexes","25 - 29 years","%","24.6"
"All persons who smoke","2022","Both sexes","30 - 34 years","%","23.8"
"All persons who smoke","2022","Both sexes","35 - 39 years","%","19.7"
"All persons who smoke","2022","Both sexes","40 - 44 years","%","21.7"
"All persons who smoke","2022","Both sexes","45 - 49 years","%","20.2"
"All persons who smoke","2022","Both sexes","50 - 54 years","%","19.7"
"All persons who smoke","2022","Both sexes","55 - 59 years","%","19.4"
"All persons who smoke","2022","Both sexes","60 - 64 years","%","16.1"
"All persons who smoke","2022","Both sexes","65 - 69 years","%","13.9"
"All persons who smoke","2022","Both sexes","70 - 74 years","%","11.2"
"All persons who smoke","2022","Both sexes","75 years and over","%","7.6"
"All persons who smoke","2022","Male","All ages","%","21.4"
"All persons who smoke","2022","Male","15 - 19 years","%","9.5"
"All persons who smoke","2022","Male","20 - 24 years","%","26.6"
"All persons who smoke","2022","Male","25 - 29 years","%","36.7"
"All persons who smoke","2022","Male","30 - 34 years","%","32.6"
"All persons who smoke","2022","Male","35 - 39 years","%","23.8"
"All persons who smoke","2022","Male","40 - 44 years","%","25.1"
"All persons who smoke","2022","Male","45 - 49 years","%","22.1"
"All persons who smoke","2022","Male","50 - 54 years","%","20.2"
"All persons who smoke","2022","Male","55 - 59 years","%","19.5"
"All persons who smoke","2022","Male","60 - 64 years","%","15.1"
"All persons who smoke","2022","Male","65 - 69 years","%","16.9"
"All persons who smoke","2022","Male","70 - 74 years","%","13.3"
"All persons who smoke","2022","Male","75 years and over","%","7.9"
"All persons who smoke","2022","Female","All ages","%","15"
"All persons who smoke","2022","Female","15 - 19 years","%","11.5"
"All persons who smoke","2022","Female","20 - 24 years","%","15.1"
"All persons who smoke","2022","Female","25 - 29 years","%","11.9"
"All persons who smoke","2022","Female","30 - 34 years","%","15.8"
"All persons who smoke","2022","Female","35 - 39 years","%","16.3"
"All persons who smoke","2022","Female","40 - 44 years","%","17.9"
"All persons who smoke","2022","Female","45 - 49 years","%","18.5"
"All persons who smoke","2022","Female","50 - 54 years","%","19.1"
"All persons who smoke","2022","Female","55 - 59 years","%","19"
"All persons who smoke","2022","Female","60 - 64 years","%","17"
"All persons who smoke","2022","Female","65 - 69 years","%","10.9"
"All persons who smoke","2022","Female","70 - 74 years","%","9.6"
"All persons who smoke","2022","Female","75 years and over","%","7.4"
"All persons who smoke","2023","Both sexes","All ages","%","17.8"
"All persons who smoke","2023","Both sexes","15 - 19 years","%","16.8"
"All persons who smoke","2023","Both sexes","20 - 24 years","%","20.5"
"All persons who smoke","2023","Both sexes","25 - 29 years","%","21.2"
"All persons who smoke","2023","Both sexes","30 - 34 years","%","23"
"All persons who smoke","2023","Both sexes","35 - 39 years","%","22.4"
"All persons who smoke","2023","Both sexes","40 - 44 years","%","18.9"
"All persons who smoke","2023","Both sexes","45 - 49 years","%","17"
"All persons who smoke","2023","Both sexes","50 - 54 years","%","19.2"
"All persons who smoke","2023","Both sexes","55 - 59 years","%","15.9"
"All persons who smoke","2023","Both sexes","60 - 64 years","%","17.9"
"All persons who smoke","2023","Both sexes","65 - 69 years","%","12.6"
"All persons who smoke","2023","Both sexes","70 - 74 years","%","10.2"
"All persons who smoke","2023","Both sexes","75 years and over","%","9"
"All persons who smoke","2023","Male","All ages","%","20.7"
"All persons who smoke","2023","Male","15 - 19 years","%","16.6"
"All persons who smoke","2023","Male","20 - 24 years","%","24.2"
"All persons who smoke","2023","Male","25 - 29 years","%","28.1"
"All persons who smoke","2023","Male","30 - 34 years","%","29.3"
"All persons who smoke","2023","Male","35 - 39 years","%","28.3"
"All persons who smoke","2023","Male","40 - 44 years","%","22.1"
"All persons who smoke","2023","Male","45 - 49 years","%","20.1"
"All persons who smoke","2023","Male","50 - 54 years","%","22.3"
"All persons who smoke","2023","Male","55 - 59 years","%","17.1"
"All persons who smoke","2023","Male","60 - 64 years","%","18.8"
"All persons who smoke","2023","Male","65 - 69 years","%","10.6"
"All persons who smoke","2023","Male","70 - 74 years","%","15.5"
"All persons who smoke","2023","Male","75 years and over","%","6.3"
"All persons who smoke","2023","Female","All ages","%","14.9"
"All persons who smoke","2023","Female","15 - 19 years","%","17"
"All persons who smoke","2023","Female","20 - 24 years","%","16.5"
"All persons who smoke","2023","Female","25 - 29 years","%","14"
"All persons who smoke","2023","Female","30 - 34 years","%","17.1"
"All persons who smoke","2023","Female","35 - 39 years","%","16.8"
"All persons who smoke","2023","Female","40 - 44 years","%","15.9"
"All persons who smoke","2023","Female","45 - 49 years","%","14.1"
"All persons who smoke","2023","Female","50 - 54 years","%","16"
"All persons who smoke","2023","Female","55 - 59 years","%","14.7"
"All persons who smoke","2023","Female","60 - 64 years","%","17"
"All persons who smoke","2023","Female","65 - 69 years","%","14.4"
"All persons who smoke","2023","Female","70 - 74 years","%","4.7"
"All persons who smoke","2023","Female","75 years and over","%","11.2"
"All persons who smoke","2024","Both sexes","All ages","%","17.4"
"All persons who smoke","2024","Both sexes","15 - 19 years","%","12"
"All persons who smoke","2024","Both sexes","20 - 24 years","%","20.4"
"All persons who smoke","2024","Both sexes","25 - 29 years","%","19.9"
"All persons who smoke","2024","Both sexes","30 - 34 years","%","19.8"
"All persons who smoke","2024","Both sexes","35 - 39 years","%","19.5"
"All persons who smoke","2024","Both sexes","40 - 44 years","%","18.5"
"All persons who smoke","2024","Both sexes","45 - 49 years","%","20.7"
"All persons who smoke","2024","Both sexes","50 - 54 years","%","18.3"
"All persons who smoke","2024","Both sexes","55 - 59 years","%","18.7"
"All persons who smoke","2024","Both sexes","60 - 64 years","%","19.4"
"All persons who smoke","2024","Both sexes","65 - 69 years","%","15.2"
"All persons who smoke","2024","Both sexes","70 - 74 years","%","11.7"
"All persons who smoke","2024","Both sexes","75 years and over","%","6.7"
"All persons who smoke","2024","Male","All ages","%","19.8"
"All persons who smoke","2024","Male","15 - 19 years","%","10.8"
"All persons who smoke","2024","Male","20 - 24 years","%","24.6"
"All persons who smoke","2024","Male","25 - 29 years","%","26.5"
"All persons who smoke","2024","Male","30 - 34 years","%","22.8"
"All persons who smoke","2024","Male","35 - 39 years","%","24.7"
"All persons who smoke","2024","Male","40 - 44 years","%","20.7"
"All persons who smoke","2024","Male","45 - 49 years","%","22.7"
"All persons who smoke","2024","Male","50 - 54 years","%","22.5"
"All persons who smoke","2024","Male","55 - 59 years","%","23"
"All persons who smoke","2024","Male","60 - 64 years","%","20"
"All persons who smoke","2024","Male","65 - 69 years","%","12.8"
"All persons who smoke","2024","Male","70 - 74 years","%","10.4"
"All persons who smoke","2024","Male","75 years and over","%","5.1"
"All persons who smoke","2024","Female","All ages","%","15.2"
"All persons who smoke","2024","Female","15 - 19 years","%","13.6"
"All persons who smoke","2024","Female","20 - 24 years","%","16.3"
"All persons who smoke","2024","Female","25 - 29 years","%","13.3"
"All persons who smoke","2024","Female","30 - 34 years","%","17"
"All persons who smoke","2024","Female","35 - 39 years","%","14.6"
"All persons who smoke","2024","Female","40 - 44 years","%","16.5"
"All persons who smoke","2024","Female","45 - 49 years","%","18.6"
"All persons who smoke","2024","Female","50 - 54 years","%","14.1"
"All persons who smoke","2024","Female","55 - 59 years","%","14.6"
"All persons who smoke","2024","Female","60 - 64 years","%","18.9"
"All persons who smoke","2024","Female","65 - 69 years","%","17.2"
"All persons who smoke","2024","Female","70 - 74 years","%","13.1"
"All persons who smoke","2024","Female","75 years and over","%","8.1"
"Daily smokers","2015","Both sexes","All ages","%","18.5"
"Daily smokers","2015","Both sexes","15 - 19 years","%","7.7"
"Daily smokers","2015","Both sexes","20 - 24 years","%","21"
"Daily smokers","2015","Both sexes","25 - 29 years","%","23.4"
"Daily smokers","2015","Both sexes","30 - 34 years","%","23.7"
"Daily smokers","2015","Both sexes","35 - 39 years","%","21.1"
"Daily smokers","2015","Both sexes","40 - 44 years","%","23.6"
"Daily smokers","2015","Both sexes","45 - 49 years","%","21.7"
"Daily smokers","2015","Both sexes","50 - 54 years","%","21.7"
"Daily smokers","2015","Both sexes","55 - 59 years","%","16"
"Daily smokers","2015","Both sexes","60 - 64 years","%","16.6"
"Daily smokers","2015","Both sexes","65 - 69 years","%","15.9"
"Daily smokers","2015","Both sexes","70 - 74 years","%","12.1"
"Daily smokers","2015","Both sexes","75 years and over","%","6.5"
"Daily smokers","2015","Male","All ages","%","19.9"
"Daily smokers","2015","Male","15 - 19 years","%","7.8"
"Daily smokers","2015","Male","20 - 24 years","%","22.5"
"Daily smokers","2015","Male","25 - 29 years","%","22.7"
"Daily smokers","2015","Male","30 - 34 years","%","28.2"
"Daily smokers","2015","Male","35 - 39 years","%","24.2"
"Daily smokers","2015","Male","40 - 44 years","%","21.6"
"Daily smokers","2015","Male","45 - 49 years","%","24.2"
"Daily smokers","2015","Male","50 - 54 years","%","24.3"
"Daily smokers","2015","Male","55 - 59 years","%","16.9"
"Daily smokers","2015","Male","60 - 64 years","%","15.9"
"Daily smokers","2015","Male","65 - 69 years","%","19.2"
"Daily smokers","2015","Male","70 - 74 years","%","12.4"
"Daily smokers","2015","Male","75 years and over","%","6.6"
"Daily smokers","2015","Female","All ages","%","17.3"
"Daily smokers","2015","Female","15 - 19 years","%","7.7"
"Daily smokers","2015","Female","20 - 24 years","%","19.3"
"Daily smokers","2015","Female","25 - 29 years","%","24.2"
"Daily smokers","2015","Female","30 - 34 years","%","20.1"
"Daily smokers","2015","Female","35 - 39 years","%","18.3"
"Daily smokers","2015","Female","40 - 44 years","%","25.6"
"Daily smokers","2015","Female","45 - 49 years","%","19.1"
"Daily smokers","2015","Female","50 - 54 years","%","19.2"
"Daily smokers","2015","Female","55 - 59 years","%","15.2"
"Daily smokers","2015","Female","60 - 64 years","%","17.3"
"Daily smokers","2015","Female","65 - 69 years","%","12.7"
"Daily smokers","2015","Female","70 - 74 years","%","11.8"
"Daily smokers","2015","Female","75 years and over","%","6.5"
"Daily smokers","2016","Both sexes","All ages","%","19"
"Daily smokers","2016","Both sexes","15 - 19 years","%","8.4"
"Daily smokers","2016","Both sexes","20 - 24 years","%","21.5"
"Daily smokers","2016","Both sexes","25 - 29 years","%","24.6"
"Daily smokers","2016","Both sexes","30 - 34 years","%","29"
"Daily smokers","2016","Both sexes","35 - 39 years","%","25.2"
"Daily smokers","2016","Both sexes","40 - 44 years","%","19.9"
"Daily smokers","2016","Both sexes","45 - 49 years","%","21.1"
"Daily smokers","2016","Both sexes","50 - 54 years","%","21.3"
"Daily smokers","2016","Both sexes","55 - 59 years","%","16.6"
"Daily smokers","2016","Both sexes","60 - 64 years","%","14.6"
"Daily smokers","2016","Both sexes","65 - 69 years","%","12.6"
"Daily smokers","2016","Both sexes","70 - 74 years","%","11.8"
"Daily smokers","2016","Both sexes","75 years and over","%","8.6"
"Daily smokers","2016","Male","All ages","%","21.5"
"Daily smokers","2016","Male","15 - 19 years","%","8.5"
"Daily smokers","2016","Male","20 - 24 years","%","18.9"
"Daily smokers","2016","Male","25 - 29 years","%","30.6"
"Daily smokers","2016","Male","30 - 34 years","%","36.3"
"Daily smokers","2016","Male","35 - 39 years","%","31.2"
"Daily smokers","2016","Male","40 - 44 years","%","23.9"
"Daily smokers","2016","Male","45 - 49 years","%","22.4"
"Daily smokers","2016","Male","50 - 54 years","%","22.3"
"Daily smokers","2016","Male","55 - 59 years","%","15.4"
"Daily smokers","2016","Male","60 - 64 years","%","17.2"
"Daily smokers","2016","Male","65 - 69 years","%","15.1"
"Daily smokers","2016","Male","70 - 74 years","%","9.8"
"Daily smokers","2016","Male","75 years and over","%","10.9"
"Daily smokers","2016","Female","All ages","%","16.6"
"Daily smokers","2016","Female","15 - 19 years","%","8.4"
"Daily smokers","2016","Female","20 - 24 years","%","24.1"
"Daily smokers","2016","Female","25 - 29 years","%","18.7"
"Daily smokers","2016","Female","30 - 34 years","%","22.9"
"Daily smokers","2016","Female","35 - 39 years","%","18.9"
"Daily smokers","2016","Female","40 - 44 years","%","16.3"
"Daily smokers","2016","Female","45 - 49 years","%","19.8"
"Daily smokers","2016","Female","50 - 54 years","%","20.3"
"Daily smokers","2016","Female","55 - 59 years","%","17.6"
"Daily smokers","2016","Female","60 - 64 years","%","11.6"
"Daily smokers","2016","Female","65 - 69 years","%","10.4"
"Daily smokers","2016","Female","70 - 74 years","%","13.8"
"Daily smokers","2016","Female","75 years and over","%","6.8"
"Daily smokers","2017","Both sexes","All ages","%","18.4"
"Daily smokers","2017","Both sexes","15 - 19 years","%","7.7"
"Daily smokers","2017","Both sexes","20 - 24 years","%","24.2"
"Daily smokers","2017","Both sexes","25 - 29 years","%","29.4"
"Daily smokers","2017","Both sexes","30 - 34 years","%","27.7"
"Daily smokers","2017","Both sexes","35 - 39 years","%","20.8"
"Daily smokers","2017","Both sexes","40 - 44 years","%","16.8"
"Daily smokers","2017","Both sexes","45 - 49 years","%","18.5"
"Daily smokers","2017","Both sexes","50 - 54 years","%","16.4"
"Daily smokers","2017","Both sexes","55 - 59 years","%","21.8"
"Daily smokers","2017","Both sexes","60 - 64 years","%","14.5"
"Daily smokers","2017","Both sexes","65 - 69 years","%","17.6"
"Daily smokers","2017","Both sexes","70 - 74 years","%","10.4"
"Daily smokers","2017","Both sexes","75 years and over","%","7.9"
"Daily smokers","2017","Male","All ages","%","20.1"
"Daily smokers","2017","Male","15 - 19 years","%","5.1"
"Daily smokers","2017","Male","20 - 24 years","%","29.5"
"Daily smokers","2017","Male","25 - 29 years","%","31.2"
"Daily smokers","2017","Male","30 - 34 years","%","33.2"
"Daily smokers","2017","Male","35 - 39 years","%","22.1"
"Daily smokers","2017","Male","40 - 44 years","%","16.9"
"Daily smokers","2017","Male","45 - 49 years","%","21.1"
"Daily smokers","2017","Male","50 - 54 years","%","18"
"Daily smokers","2017","Male","55 - 59 years","%","22.6"
"Daily smokers","2017","Male","60 - 64 years","%","18.3"
"Daily smokers","2017","Male","65 - 69 years","%","18.5"
"Daily smokers","2017","Male","70 - 74 years","%","12.7"
"Daily smokers","2017","Male","75 years and over","%","8.9"
"Daily smokers","2017","Female","All ages","%","16.7"
"Daily smokers","2017","Female","15 - 19 years","%","10.5"
"Daily smokers","2017","Female","20 - 24 years","%","19.1"
"Daily smokers","2017","Female","25 - 29 years","%","27.4"
"Daily smokers","2017","Female","30 - 34 years","%","23.4"
"Daily smokers","2017","Female","35 - 39 years","%","19.5"
"Daily smokers","2017","Female","40 - 44 years","%","16.7"
"Daily smokers","2017","Female","45 - 49 years","%","15.8"
"Daily smokers","2017","Female","50 - 54 years","%","14.8"
"Daily smokers","2017","Female","55 - 59 years","%","21.1"
"Daily smokers","2017","Female","60 - 64 years","%","10.4"
"Daily smokers","2017","Female","65 - 69 years","%","16.8"
"Daily smokers","2017","Female","70 - 74 years","%","8.3"
"Daily smokers","2017","Female","75 years and over","%","7.1"
"Daily smokers","2018","Both sexes","All ages","%","17"
"Daily smokers","2018","Both sexes","15 - 19 years","%","6.2"
"Daily smokers","2018","Both sexes","20 - 24 years","%","25.4"
"Daily smokers","2018","Both sexes","25 - 29 years","%","25.6"
"Daily smokers","2018","Both sexes","30 - 34 years","%","22.2"
"Daily smokers","2018","Both sexes","35 - 39 years","%","21.7"
"Daily smokers","2018","Both sexes","40 - 44 years","%","16.9"
"Daily smokers","2018","Both sexes","45 - 49 years","%","15.8"
"Daily smokers","2018","Both sexes","50 - 54 years","%","17.6"
"Daily smokers","2018","Both sexes","55 - 59 years","%","16.6"
"Daily smokers","2018","Both sexes","60 - 64 years","%","18.5"
"Daily smokers","2018","Both sexes","65 - 69 years","%","10.2"
"Daily smokers","2018","Both sexes","70 - 74 years","%","11.6"
"Daily smokers","2018","Both sexes","75 years and over","%","7.5"
"Daily smokers","2018","Male","All ages","%","19.4"
"Daily smokers","2018","Male","15 - 19 years","%","10.4"
"Daily smokers","2018","Male","20 - 24 years","%","27.2"
"Daily smokers","2018","Male","25 - 29 years","%","28.7"
"Daily smokers","2018","Male","30 - 34 years","%","26"
"Daily smokers","2018","Male","35 - 39 years","%","26.9"
"Daily smokers","2018","Male","40 - 44 years","%","19.9"
"Daily smokers","2018","Male","45 - 49 years","%","14.2"
"Daily smokers","2018","Male","50 - 54 years","%","20.6"
"Daily smokers","2018","Male","55 - 59 years","%","17.9"
"Daily smokers","2018","Male","60 - 64 years","%","18"
"Daily smokers","2018","Male","65 - 69 years","%","12"
"Daily smokers","2018","Male","70 - 74 years","%","12.9"
"Daily smokers","2018","Male","75 years and over","%","7.7"
"Daily smokers","2018","Female","All ages","%","14.8"
"Daily smokers","2018","Female","15 - 19 years","%","1.8"
"Daily smokers","2018","Female","20 - 24 years","%","23.6"
"Daily smokers","2018","Female","25 - 29 years","%","22.3"
"Daily smokers","2018","Female","30 - 34 years","%","18.8"
"Daily smokers","2018","Female","35 - 39 years","%","16.7"
"Daily smokers","2018","Female","40 - 44 years","%","14.1"
"Daily smokers","2018","Female","45 - 49 years","%","17.3"
"Daily smokers","2018","Female","50 - 54 years","%","14.5"
"Daily smokers","2018","Female","55 - 59 years","%","15.2"
"Daily smokers","2018","Female","60 - 64 years","%","18.8"
"Daily smokers","2018","Female","65 - 69 years","%","8.6"
"Daily smokers","2018","Female","70 - 74 years","%","10.4"
"Daily smokers","2018","Female","75 years and over","%","7.3"
"Daily smokers","2019","Both sexes","All ages","%","14.1"
"Daily smokers","2019","Both sexes","15 - 19 years","%","3.2"
"Daily smokers","2019","Both sexes","20 - 24 years","%","21.9"
"Daily smokers","2019","Both sexes","25 - 29 years","%","20.7"
"Daily smokers","2019","Both sexes","30 - 34 years","%","18"
"Daily smokers","2019","Both sexes","35 - 39 years","%","16.5"
"Daily smokers","2019","Both sexes","40 - 44 years","%","14.5"
"Daily smokers","2019","Both sexes","45 - 49 years","%","15"
"Daily smokers","2019","Both sexes","50 - 54 years","%","16.4"
"Daily smokers","2019","Both sexes","55 - 59 years","%","14.1"
"Daily smokers","2019","Both sexes","60 - 64 years","%","13.3"
"Daily smokers","2019","Both sexes","65 - 69 years","%","11.2"
"Daily smokers","2019","Both sexes","70 - 74 years","%","10.8"
"Daily smokers","2019","Both sexes","75 years and over","%","7.2"
"Daily smokers","2019","Male","All ages","%","15.8"
"Daily smokers","2019","Male","15 - 19 years","%","5.6"
"Daily smokers","2019","Male","20 - 24 years","%","27.8"
"Daily smokers","2019","Male","25 - 29 years","%","22.7"
"Daily smokers","2019","Male","30 - 34 years","%","19.7"
"Daily smokers","2019","Male","35 - 39 years","%","19.5"
"Daily smokers","2019","Male","40 - 44 years","%","17.1"
"Daily smokers","2019","Male","45 - 49 years","%","16.3"
"Daily smokers","2019","Male","50 - 54 years","%","17.6"
"Daily smokers","2019","Male","55 - 59 years","%","14.5"
"Daily smokers","2019","Male","60 - 64 years","%","14.8"
"Daily smokers","2019","Male","65 - 69 years","%","11.6"
"Daily smokers","2019","Male","70 - 74 years","%","9.6"
"Daily smokers","2019","Male","75 years and over","%","7.8"
"Daily smokers","2019","Female","All ages","%","12.5"
"Daily smokers","2019","Female","15 - 19 years","%","0"
"Daily smokers","2019","Female","20 - 24 years","%","17"
"Daily smokers","2019","Female","25 - 29 years","%","18.2"
"Daily smokers","2019","Female","30 - 34 years","%","16.6"
"Daily smokers","2019","Female","35 - 39 years","%","13.3"
"Daily smokers","2019","Female","40 - 44 years","%","12.3"
"Daily smokers","2019","Female","45 - 49 years","%","13.7"
"Daily smokers","2019","Female","50 - 54 years","%","15.3"
"Daily smokers","2019","Female","55 - 59 years","%","13.7"
"Daily smokers","2019","Female","60 - 64 years","%","11.9"
"Daily smokers","2019","Female","65 - 69 years","%","10.8"
"Daily smokers","2019","Female","70 - 74 years","%","12"
"Daily smokers","2019","Female","75 years and over","%","6.7"
"Daily smokers","2021","Both sexes","All ages","%","15.9"
"Daily smokers","2021","Both sexes","15 - 19 years","%","5.8"
"Daily smokers","2021","Both sexes","20 - 24 years","%","14.7"
"Daily smokers","2021","Both sexes","25 - 29 years","%","20.4"
"Daily smokers","2021","Both sexes","30 - 34 years","%","15.5"
"Daily smokers","2021","Both sexes","35 - 39 years","%","18.8"
"Daily smokers","2021","Both sexes","40 - 44 years","%","19.2"
"Daily smokers","2021","Both sexes","45 - 49 years","%","20.1"
"Daily smokers","2021","Both sexes","50 - 54 years","%","21.7"
"Daily smokers","2021","Both sexes","55 - 59 years","%","18.2"
"Daily smokers","2021","Both sexes","60 - 64 years","%","16.2"
"Daily smokers","2021","Both sexes","65 - 69 years","%","12"
"Daily smokers","2021","Both sexes","70 - 74 years","%","9.3"
"Daily smokers","2021","Both sexes","75 years and over","%","6.2"
"Daily smokers","2021","Male","All ages","%","17.3"
"Daily smokers","2021","Male","15 - 19 years","%","7.1"
"Daily smokers","2021","Male","20 - 24 years","%","21.3"
"Daily smokers","2021","Male","25 - 29 years","%","21"
"Daily smokers","2021","Male","30 - 34 years","%","18.4"
"Daily smokers","2021","Male","35 - 39 years","%","20"
"Daily smokers","2021","Male","40 - 44 years","%","21.7"
"Daily smokers","2021","Male","45 - 49 years","%","21.2"
"Daily smokers","2021","Male","50 - 54 years","%","23.2"
"Daily smokers","2021","Male","55 - 59 years","%","17.3"
"Daily smokers","2021","Male","60 - 64 years","%","17.6"
"Daily smokers","2021","Male","65 - 69 years","%","10.2"
"Daily smokers","2021","Male","70 - 74 years","%","7"
"Daily smokers","2021","Male","75 years and over","%","6.8"
"Daily smokers","2021","Female","All ages","%","14.5"
"Daily smokers","2021","Female","15 - 19 years","%","4.3"
"Daily smokers","2021","Female","20 - 24 years","%","8.1"
"Daily smokers","2021","Female","25 - 29 years","%","19.9"
"Daily smokers","2021","Female","30 - 34 years","%","12.7"
"Daily smokers","2021","Female","35 - 39 years","%","17.7"
"Daily smokers","2021","Female","40 - 44 years","%","16.7"
"Daily smokers","2021","Female","45 - 49 years","%","18.9"
"Daily smokers","2021","Female","50 - 54 years","%","20.3"
"Daily smokers","2021","Female","55 - 59 years","%","19.1"
"Daily smokers","2021","Female","60 - 64 years","%","14.9"
"Daily smokers","2021","Female","65 - 69 years","%","13.4"
"Daily smokers","2021","Female","70 - 74 years","%","11.2"
"Daily smokers","2021","Female","75 years and over","%","5.5"
"Daily smokers","2022","Both sexes","All ages","%","14.5"
"Daily smokers","2022","Both sexes","15 - 19 years","%","5.2"
"Daily smokers","2022","Both sexes","20 - 24 years","%","14.1"
"Daily smokers","2022","Both sexes","25 - 29 years","%","19.2"
"Daily smokers","2022","Both sexes","30 - 34 years","%","17.4"
"Daily smokers","2022","Both sexes","35 - 39 years","%","15.3"
"Daily smokers","2022","Both sexes","40 - 44 years","%","16.8"
"Daily smokers","2022","Both sexes","45 - 49 years","%","17.6"
"Daily smokers","2022","Both sexes","50 - 54 years","%","17.4"
"Daily smokers","2022","Both sexes","55 - 59 years","%","18.3"
"Daily smokers","2022","Both sexes","60 - 64 years","%","13.5"
"Daily smokers","2022","Both sexes","65 - 69 years","%","12.6"
"Daily smokers","2022","Both sexes","70 - 74 years","%","8.5"
"Daily smokers","2022","Both sexes","75 years and over","%","7"
"Daily smokers","2022","Male","All ages","%","17"
"Daily smokers","2022","Male","15 - 19 years","%","5.9"
"Daily smokers","2022","Male","20 - 24 years","%","17.2"
"Daily smokers","2022","Male","25 - 29 years","%","28.7"
"Daily smokers","2022","Male","30 - 34 years","%","25.4"
"Daily smokers","2022","Male","35 - 39 years","%","17.9"
"Daily smokers","2022","Male","40 - 44 years","%","20.1"
"Daily smokers","2022","Male","45 - 49 years","%","19.7"
"Daily smokers","2022","Male","50 - 54 years","%","17.1"
"Daily smokers","2022","Male","55 - 59 years","%","18.5"
"Daily smokers","2022","Male","60 - 64 years","%","13"
"Daily smokers","2022","Male","65 - 69 years","%","15.7"
"Daily smokers","2022","Male","70 - 74 years","%","8.6"
"Daily smokers","2022","Male","75 years and over","%","7"
"Daily smokers","2022","Female","All ages","%","11.9"
"Daily smokers","2022","Female","15 - 19 years","%","4.4"
"Daily smokers","2022","Female","20 - 24 years","%","11.1"
"Daily smokers","2022","Female","25 - 29 years","%","9.2"
"Daily smokers","2022","Female","30 - 34 years","%","10"
"Daily smokers","2022","Female","35 - 39 years","%","13"
"Daily smokers","2022","Female","40 - 44 years","%","13.2"
"Daily smokers","2022","Female","45 - 49 years","%","15.9"
"Daily smokers","2022","Female","50 - 54 years","%","17.7"
"Daily smokers","2022","Female","55 - 59 years","%","17.6"
"Daily smokers","2022","Female","60 - 64 years","%","13.9"
"Daily smokers","2022","Female","65 - 69 years","%","9.5"
"Daily smokers","2022","Female","70 - 74 years","%","8.4"
"Daily smokers","2022","Female","75 years and over","%","7"
"Daily smokers","2023","Both sexes","All ages","%","13.9"
"Daily smokers","2023","Both sexes","15 - 19 years","%","11.2"
"Daily smokers","2023","Both sexes","20 - 24 years","%","11"
"Daily smokers","2023","Both sexes","25 - 29 years","%","14.2"
"Daily smokers","2023","Both sexes","30 - 34 years","%","18.5"
"Daily smokers","2023","Both sexes","35 - 39 years","%","17.9"
"Daily smokers","2023","Both sexes","40 - 44 years","%","15.5"
"Daily smokers","2023","Both sexes","45 - 49 years","%","13.9"
"Daily smokers","2023","Both sexes","50 - 54 years","%","16.8"
"Daily smokers","2023","Both sexes","55 - 59 years","%","13.8"
"Daily smokers","2023","Both sexes","60 - 64 years","%","15.9"
"Daily smokers","2023","Both sexes","65 - 69 years","%","11.9"
"Daily smokers","2023","Both sexes","70 - 74 years","%","8.8"
"Daily smokers","2023","Both sexes","75 years and over","%","6.9"
"Daily smokers","2023","Male","All ages","%","16"
"Daily smokers","2023","Male","15 - 19 years","%","9.4"
"Daily smokers","2023","Male","20 - 24 years","%","13.3"
"Daily smokers","2023","Male","25 - 29 years","%","17.4"
"Daily smokers","2023","Male","30 - 34 years","%","23.9"
"Daily smokers","2023","Male","35 - 39 years","%","24"
"Daily smokers","2023","Male","40 - 44 years","%","17.8"
"Daily smokers","2023","Male","45 - 49 years","%","16.1"
"Daily smokers","2023","Male","50 - 54 years","%","20"
"Daily smokers","2023","Male","55 - 59 years","%","14.2"
"Daily smokers","2023","Male","60 - 64 years","%","16.8"
"Daily smokers","2023","Male","65 - 69 years","%","9.9"
"Daily smokers","2023","Male","70 - 74 years","%","12.9"
"Daily smokers","2023","Male","75 years and over","%","5.1"
"Daily smokers","2023","Female","All ages","%","11.8"
"Daily smokers","2023","Female","15 - 19 years","%","13.1"
"Daily smokers","2023","Female","20 - 24 years","%","8.6"
"Daily smokers","2023","Female","25 - 29 years","%","10.9"
"Daily smokers","2023","Female","30 - 34 years","%","13.6"
"Daily smokers","2023","Female","35 - 39 years","%","12.3"
"Daily smokers","2023","Female","40 - 44 years","%","13.4"
"Daily smokers","2023","Female","45 - 49 years","%","11.8"
"Daily smokers","2023","Female","50 - 54 years","%","13.6"
"Daily smokers","2023","Female","55 - 59 years","%","13.3"
"Daily smokers","2023","Female","60 - 64 years","%","14.9"
"Daily smokers","2023","Female","65 - 69 years","%","13.7"
"Daily smokers","2023","Female","70 - 74 years","%","4.7"
"Daily smokers","2023","Female","75 years and over","%","8.4"
"Daily smokers","2024","Both sexes","All ages","%","13.8"
"Daily smokers","2024","Both sexes","15 - 19 years","%","7.9"
"Daily smokers","2024","Both sexes","20 - 24 years","%","12.6"
"Daily smokers","2024","Both sexes","25 - 29 years","%","13"
"Daily smokers","2024","Both sexes","30 - 34 years","%","14.1"
"Daily smokers","2024","Both sexes","35 - 39 years","%","15.3"
"Daily smokers","2024","Both sexes","40 - 44 years","%","13.9"
"Daily smokers","2024","Both sexes","45 - 49 years","%","17.1"
"Daily smokers","2024","Both sexes","50 - 54 years","%","16"
"Daily smokers","2024","Both sexes","55 - 59 years","%","17.7"
"Daily smokers","2024","Both sexes","60 - 64 years","%","18"
"Daily smokers","2024","Both sexes","65 - 69 years","%","14.1"
"Daily smokers","2024","Both sexes","70 - 74 years","%","10.8"
"Daily smokers","2024","Both sexes","75 years and over","%","6.1"
"Daily smokers","2024","Male","All ages","%","15.2"
"Daily smokers","2024","Male","15 - 19 years","%","7"
"Daily smokers","2024","Male","20 - 24 years","%","14.4"
"Daily smokers","2024","Male","25 - 29 years","%","16.6"
"Daily smokers","2024","Male","30 - 34 years","%","16.9"
"Daily smokers","2024","Male","35 - 39 years","%","18.7"
"Daily smokers","2024","Male","40 - 44 years","%","16.1"
"Daily smokers","2024","Male","45 - 49 years","%","18.6"
"Daily smokers","2024","Male","50 - 54 years","%","18.8"
"Daily smokers","2024","Male","55 - 59 years","%","22"
"Daily smokers","2024","Male","60 - 64 years","%","17.8"
"Daily smokers","2024","Male","65 - 69 years","%","11.3"
"Daily smokers","2024","Male","70 - 74 years","%","9.7"
"Daily smokers","2024","Male","75 years and over","%","4.4"
"Daily smokers","2024","Female","All ages","%","12.4"
"Daily smokers","2024","Female","15 - 19 years","%","9.1"
"Daily smokers","2024","Female","20 - 24 years","%","11"
"Daily smokers","2024","Female","25 - 29 years","%","9.3"
"Daily smokers","2024","Female","30 - 34 years","%","11.4"
"Daily smokers","2024","Female","35 - 39 years","%","12.2"
"Daily smokers","2024","Female","40 - 44 years","%","11.8"
"Daily smokers","2024","Female","45 - 49 years","%","15.6"
"Daily smokers","2024","Female","50 - 54 years","%","13.1"
"Daily smokers","2024","Female","55 - 59 years","%","13.7"
"Daily smokers","2024","Female","60 - 64 years","%","18.2"
"Daily smokers","2024","Female","65 - 69 years","%","16.5"
"Daily smokers","2024","Female","70 - 74 years","%","11.9"
"Daily smokers","2024","Female","75 years and over","%","7.5"
"Occasional smokers","2015","Both sexes","All ages","%","4.2"
"Occasional smokers","2015","Both sexes","15 - 19 years","%","3.6"
"Occasional smokers","2015","Both sexes","20 - 24 years","%","8.6"
"Occasional smokers","2015","Both sexes","25 - 29 years","%","10"
"Occasional smokers","2015","Both sexes","30 - 34 years","%","7.5"
"Occasional smokers","2015","Both sexes","35 - 39 years","%","3.7"
"Occasional smokers","2015","Both sexes","40 - 44 years","%","4.4"
"Occasional smokers","2015","Both sexes","45 - 49 years","%","4.3"
"Occasional smokers","2015","Both sexes","50 - 54 years","%","2.3"
"Occasional smokers","2015","Both sexes","55 - 59 years","%","1.3"
"Occasional smokers","2015","Both sexes","60 - 64 years","%","1.9"
"Occasional smokers","2015","Both sexes","65 - 69 years","%","1.2"
"Occasional smokers","2015","Both sexes","70 - 74 years","%","0.7"
"Occasional smokers","2015","Both sexes","75 years and over","%","0.6"
"Occasional smokers","2015","Male","All ages","%","4.5"
"Occasional smokers","2015","Male","15 - 19 years","%","2"
"Occasional smokers","2015","Male","20 - 24 years","%","7.3"
"Occasional smokers","2015","Male","25 - 29 years","%","13.3"
"Occasional smokers","2015","Male","30 - 34 years","%","6.6"
"Occasional smokers","2015","Male","35 - 39 years","%","4.3"
"Occasional smokers","2015","Male","40 - 44 years","%","5.1"
"Occasional smokers","2015","Male","45 - 49 years","%","4.6"
"Occasional smokers","2015","Male","50 - 54 years","%","2.8"
"Occasional smokers","2015","Male","55 - 59 years","%","0.8"
"Occasional smokers","2015","Male","60 - 64 years","%","1.6"
"Occasional smokers","2015","Male","65 - 69 years","%","1.4"
"Occasional smokers","2015","Male","70 - 74 years","%","1.5"
"Occasional smokers","2015","Male","75 years and over","%","0.5"
"Occasional smokers","2015","Female","All ages","%","4"
"Occasional smokers","2015","Female","15 - 19 years","%","5.2"
"Occasional smokers","2015","Female","20 - 24 years","%","10.2"
"Occasional smokers","2015","Female","25 - 29 years","%","6.2"
"Occasional smokers","2015","Female","30 - 34 years","%","8.2"
"Occasional smokers","2015","Female","35 - 39 years","%","3.2"
"Occasional smokers","2015","Female","40 - 44 years","%","3.6"
"Occasional smokers","2015","Female","45 - 49 years","%","4"
"Occasional smokers","2015","Female","50 - 54 years","%","1.9"
"Occasional smokers","2015","Female","55 - 59 years","%","1.7"
"Occasional smokers","2015","Female","60 - 64 years","%","2.2"
"Occasional smokers","2015","Female","65 - 69 years","%","1.1"
"Occasional smokers","2015","Female","70 - 74 years","%","0"
"Occasional smokers","2015","Female","75 years and over","%","0.7"
"Occasional smokers","2016","Both sexes","All ages","%","3.6"
"Occasional smokers","2016","Both sexes","15 - 19 years","%","5.2"
"Occasional smokers","2016","Both sexes","20 - 24 years","%","7"
"Occasional smokers","2016","Both sexes","25 - 29 years","%","6.2"
"Occasional smokers","2016","Both sexes","30 - 34 years","%","5.9"
"Occasional smokers","2016","Both sexes","35 - 39 years","%","3.8"
"Occasional smokers","2016","Both sexes","40 - 44 years","%","3.2"
"Occasional smokers","2016","Both sexes","45 - 49 years","%","4.1"
"Occasional smokers","2016","Both sexes","50 - 54 years","%","1.2"
"Occasional smokers","2016","Both sexes","55 - 59 years","%","3.4"
"Occasional smokers","2016","Both sexes","60 - 64 years","%","1.5"
"Occasional smokers","2016","Both sexes","65 - 69 years","%","0.9"
"Occasional smokers","2016","Both sexes","70 - 74 years","%","1.7"
"Occasional smokers","2016","Both sexes","75 years and over","%","0.7"
"Occasional smokers","2016","Male","All ages","%","4.2"
"Occasional smokers","2016","Male","15 - 19 years","%","4.7"
"Occasional smokers","2016","Male","20 - 24 years","%","7.9"
"Occasional smokers","2016","Male","25 - 29 years","%","8.8"
"Occasional smokers","2016","Male","30 - 34 years","%","7.1"
"Occasional smokers","2016","Male","35 - 39 years","%","5.2"
"Occasional smokers","2016","Male","40 - 44 years","%","3"
"Occasional smokers","2016","Male","45 - 49 years","%","3.9"
"Occasional smokers","2016","Male","50 - 54 years","%","1.3"
"Occasional smokers","2016","Male","55 - 59 years","%","4.9"
"Occasional smokers","2016","Male","60 - 64 years","%","2"
"Occasional smokers","2016","Male","65 - 69 years","%","0.3"
"Occasional smokers","2016","Male","70 - 74 years","%","1.9"
"Occasional smokers","2016","Male","75 years and over","%","1.2"
"Occasional smokers","2016","Female","All ages","%","3"
"Occasional smokers","2016","Female","15 - 19 years","%","5.7"
"Occasional smokers","2016","Female","20 - 24 years","%","6.2"
"Occasional smokers","2016","Female","25 - 29 years","%","3.5"
"Occasional smokers","2016","Female","30 - 34 years","%","4.9"
"Occasional smokers","2016","Female","35 - 39 years","%","2.4"
"Occasional smokers","2016","Female","40 - 44 years","%","3.4"
"Occasional smokers","2016","Female","45 - 49 years","%","4.3"
"Occasional smokers","2016","Female","50 - 54 years","%","1.1"
"Occasional smokers","2016","Female","55 - 59 years","%","2.1"
"Occasional smokers","2016","Female","60 - 64 years","%","0.9"
"Occasional smokers","2016","Female","65 - 69 years","%","1.4"
"Occasional smokers","2016","Female","70 - 74 years","%","1.5"
"Occasional smokers","2016","Female","75 years and over","%","0.3"
"Occasional smokers","2017","Both sexes","All ages","%","3.8"
"Occasional smokers","2017","Both sexes","15 - 19 years","%","4"
"Occasional smokers","2017","Both sexes","20 - 24 years","%","3.9"
"Occasional smokers","2017","Both sexes","25 - 29 years","%","7.1"
"Occasional smokers","2017","Both sexes","30 - 34 years","%","5.1"
"Occasional smokers","2017","Both sexes","35 - 39 years","%","5.9"
"Occasional smokers","2017","Both sexes","40 - 44 years","%","4.2"
"Occasional smokers","2017","Both sexes","45 - 49 years","%","3.8"
"Occasional smokers","2017","Both sexes","50 - 54 years","%","3.8"
"Occasional smokers","2017","Both sexes","55 - 59 years","%","2.2"
"Occasional smokers","2017","Both sexes","60 - 64 years","%","2.1"
"Occasional smokers","2017","Both sexes","65 - 69 years","%","1"
"Occasional smokers","2017","Both sexes","70 - 74 years","%","1.8"
"Occasional smokers","2017","Both sexes","75 years and over","%","1.5"
"Occasional smokers","2017","Male","All ages","%","4.6"
"Occasional smokers","2017","Male","15 - 19 years","%","7.2"
"Occasional smokers","2017","Male","20 - 24 years","%","3.7"
"Occasional smokers","2017","Male","25 - 29 years","%","8.3"
"Occasional smokers","2017","Male","30 - 34 years","%","4.4"
"Occasional smokers","2017","Male","35 - 39 years","%","8.3"
"Occasional smokers","2017","Male","40 - 44 years","%","6.8"
"Occasional smokers","2017","Male","45 - 49 years","%","0.9"
"Occasional smokers","2017","Male","50 - 54 years","%","4.5"
"Occasional smokers","2017","Male","55 - 59 years","%","2.4"
"Occasional smokers","2017","Male","60 - 64 years","%","0.9"
"Occasional smokers","2017","Male","65 - 69 years","%","2"
"Occasional smokers","2017","Male","70 - 74 years","%","2.6"
"Occasional smokers","2017","Male","75 years and over","%","2.4"
"Occasional smokers","2017","Female","All ages","%","3.1"
"Occasional smokers","2017","Female","15 - 19 years","%","0.5"
"Occasional smokers","2017","Female","20 - 24 years","%","4.1"
"Occasional smokers","2017","Female","25 - 29 years","%","5.6"
"Occasional smokers","2017","Female","30 - 34 years","%","5.6"
"Occasional smokers","2017","Female","35 - 39 years","%","3.7"
"Occasional smokers","2017","Female","40 - 44 years","%","1.6"
"Occasional smokers","2017","Female","45 - 49 years","%","6.7"
"Occasional smokers","2017","Female","50 - 54 years","%","3.2"
"Occasional smokers","2017","Female","55 - 59 years","%","2"
"Occasional smokers","2017","Female","60 - 64 years","%","3.5"
"Occasional smokers","2017","Female","65 - 69 years","%","0.1"
"Occasional smokers","2017","Female","70 - 74 years","%","1.1"
"Occasional smokers","2017","Female","75 years and over","%","0.8"
"Occasional smokers","2018","Both sexes","All ages","%","2.6"
"Occasional smokers","2018","Both sexes","15 - 19 years","%","1.7"
"Occasional smokers","2018","Both sexes","20 - 24 years","%","5.8"
"Occasional smokers","2018","Both sexes","25 - 29 years","%","4.6"
"Occasional smokers","2018","Both sexes","30 - 34 years","%","3.9"
"Occasional smokers","2018","Both sexes","35 - 39 years","%","3.6"
"Occasional smokers","2018","Both sexes","40 - 44 years","%","2.1"
"Occasional smokers","2018","Both sexes","45 - 49 years","%","2.9"
"Occasional smokers","2018","Both sexes","50 - 54 years","%","1"
"Occasional smokers","2018","Both sexes","55 - 59 years","%","2.3"
"Occasional smokers","2018","Both sexes","60 - 64 years","%","1.6"
"Occasional smokers","2018","Both sexes","65 - 69 years","%","1.8"
"Occasional smokers","2018","Both sexes","70 - 74 years","%","1.6"
"Occasional smokers","2018","Both sexes","75 years and over","%","0.6"
"Occasional smokers","2018","Male","All ages","%","3.1"
"Occasional smokers","2018","Male","15 - 19 years","%","2.6"
"Occasional smokers","2018","Male","20 - 24 years","%","3.8"
"Occasional smokers","2018","Male","25 - 29 years","%","5.1"
"Occasional smokers","2018","Male","30 - 34 years","%","4.7"
"Occasional smokers","2018","Male","35 - 39 years","%","4.9"
"Occasional smokers","2018","Male","40 - 44 years","%","3"
"Occasional smokers","2018","Male","45 - 49 years","%","4.3"
"Occasional smokers","2018","Male","50 - 54 years","%","0.4"
"Occasional smokers","2018","Male","55 - 59 years","%","3.3"
"Occasional smokers","2018","Male","60 - 64 years","%","1.9"
"Occasional smokers","2018","Male","65 - 69 years","%","3.7"
"Occasional smokers","2018","Male","70 - 74 years","%","0.9"
"Occasional smokers","2018","Male","75 years and over","%","0.6"
"Occasional smokers","2018","Female","All ages","%","2.1"
"Occasional smokers","2018","Female","15 - 19 years","%","0.7"
"Occasional smokers","2018","Female","20 - 24 years","%","7.9"
"Occasional smokers","2018","Female","25 - 29 years","%","3.9"
"Occasional smokers","2018","Female","30 - 34 years","%","3.2"
"Occasional smokers","2018","Female","35 - 39 years","%","2.4"
"Occasional smokers","2018","Female","40 - 44 years","%","1.2"
"Occasional smokers","2018","Female","45 - 49 years","%","1.6"
"Occasional smokers","2018","Female","50 - 54 years","%","1.6"
"Occasional smokers","2018","Female","55 - 59 years","%","1.2"
"Occasional smokers","2018","Female","60 - 64 years","%","1.3"
"Occasional smokers","2018","Female","65 - 69 years","%","0.1"
"Occasional smokers","2018","Female","70 - 74 years","%","2.2"
"Occasional smokers","2018","Female","75 years and over","%","0.5"
"Occasional smokers","2019","Both sexes","All ages","%","3.2"
"Occasional smokers","2019","Both sexes","15 - 19 years","%","3.3"
"Occasional smokers","2019","Both sexes","20 - 24 years","%","5.4"
"Occasional smokers","2019","Both sexes","25 - 29 years","%","7.8"
"Occasional smokers","2019","Both sexes","30 - 34 years","%","6.2"
"Occasional smokers","2019","Both sexes","35 - 39 years","%","2.5"
"Occasional smokers","2019","Both sexes","40 - 44 years","%","3.2"
"Occasional smokers","2019","Both sexes","45 - 49 years","%","1.7"
"Occasional smokers","2019","Both sexes","50 - 54 years","%","2.8"
"Occasional smokers","2019","Both sexes","55 - 59 years","%","2.5"
"Occasional smokers","2019","Both sexes","60 - 64 years","%","1.3"
"Occasional smokers","2019","Both sexes","65 - 69 years","%","1.4"
"Occasional smokers","2019","Both sexes","70 - 74 years","%","1"
"Occasional smokers","2019","Both sexes","75 years and over","%","0.9"
"Occasional smokers","2019","Male","All ages","%","3.1"
"Occasional smokers","2019","Male","15 - 19 years","%","2.9"
"Occasional smokers","2019","Male","20 - 24 years","%","4.1"
"Occasional smokers","2019","Male","25 - 29 years","%","7.8"
"Occasional smokers","2019","Male","30 - 34 years","%","6.3"
"Occasional smokers","2019","Male","35 - 39 years","%","3"
"Occasional smokers","2019","Male","40 - 44 years","%","3.4"
"Occasional smokers","2019","Male","45 - 49 years","%","1.8"
"Occasional smokers","2019","Male","50 - 54 years","%","2"
"Occasional smokers","2019","Male","55 - 59 years","%","2.1"
"Occasional smokers","2019","Male","60 - 64 years","%","1.4"
"Occasional smokers","2019","Male","65 - 69 years","%","1.9"
"Occasional smokers","2019","Male","70 - 74 years","%","1.2"
"Occasional smokers","2019","Male","75 years and over","%","0.6"
"Occasional smokers","2019","Female","All ages","%","3.3"
"Occasional smokers","2019","Female","15 - 19 years","%","3.9"
"Occasional smokers","2019","Female","20 - 24 years","%","6.4"
"Occasional smokers","2019","Female","25 - 29 years","%","7.7"
"Occasional smokers","2019","Female","30 - 34 years","%","6.2"
"Occasional smokers","2019","Female","35 - 39 years","%","2.1"
"Occasional smokers","2019","Female","40 - 44 years","%","3"
"Occasional smokers","2019","Female","45 - 49 years","%","1.7"
"Occasional smokers","2019","Female","50 - 54 years","%","3.5"
"Occasional smokers","2019","Female","55 - 59 years","%","3"
"Occasional smokers","2019","Female","60 - 64 years","%","1.2"
"Occasional smokers","2019","Female","65 - 69 years","%","1.1"
"Occasional smokers","2019","Female","70 - 74 years","%","0.7"
"Occasional smokers","2019","Female","75 years and over","%","1.1"
"Occasional smokers","2021","Both sexes","All ages","%","2.4"
"Occasional smokers","2021","Both sexes","15 - 19 years","%","2.1"
"Occasional smokers","2021","Both sexes","20 - 24 years","%","6"
"Occasional smokers","2021","Both sexes","25 - 29 years","%","2.1"
"Occasional smokers","2021","Both sexes","30 - 34 years","%","3"
"Occasional smokers","2021","Both sexes","35 - 39 years","%","1.9"
"Occasional smokers","2021","Both sexes","40 - 44 years","%","2.9"
"Occasional smokers","2021","Both sexes","45 - 49 years","%","2.3"
"Occasional smokers","2021","Both sexes","50 - 54 years","%","2.9"
"Occasional smokers","2021","Both sexes","55 - 59 years","%","0.6"
"Occasional smokers","2021","Both sexes","60 - 64 years","%","3.2"
"Occasional smokers","2021","Both sexes","65 - 69 years","%","1.3"
"Occasional smokers","2021","Both sexes","70 - 74 years","%","0.7"
"Occasional smokers","2021","Both sexes","75 years and over","%","1.1"
"Occasional smokers","2021","Male","All ages","%","2.8"
"Occasional smokers","2021","Male","15 - 19 years","%","2.8"
"Occasional smokers","2021","Male","20 - 24 years","%","4.8"
"Occasional smokers","2021","Male","25 - 29 years","%","2.1"
"Occasional smokers","2021","Male","30 - 34 years","%","4.2"
"Occasional smokers","2021","Male","35 - 39 years","%","2.5"
"Occasional smokers","2021","Male","40 - 44 years","%","4.4"
"Occasional smokers","2021","Male","45 - 49 years","%","2.1"
"Occasional smokers","2021","Male","50 - 54 years","%","2.1"
"Occasional smokers","2021","Male","55 - 59 years","%","0.9"
"Occasional smokers","2021","Male","60 - 64 years","%","3.4"
"Occasional smokers","2021","Male","65 - 69 years","%","1.5"
"Occasional smokers","2021","Male","70 - 74 years","%","1.2"
"Occasional smokers","2021","Male","75 years and over","%","1.6"
"Occasional smokers","2021","Female","All ages","%","2.1"
"Occasional smokers","2021","Female","15 - 19 years","%","1.3"
"Occasional smokers","2021","Female","20 - 24 years","%","7.2"
"Occasional smokers","2021","Female","25 - 29 years","%","2"
"Occasional smokers","2021","Female","30 - 34 years","%","1.8"
"Occasional smokers","2021","Female","35 - 39 years","%","1.4"
"Occasional smokers","2021","Female","40 - 44 years","%","1.3"
"Occasional smokers","2021","Female","45 - 49 years","%","2.5"
"Occasional smokers","2021","Female","50 - 54 years","%","3.7"
"Occasional smokers","2021","Female","55 - 59 years","%","0.2"
"Occasional smokers","2021","Female","60 - 64 years","%","3"
"Occasional smokers","2021","Female","65 - 69 years","%","1.2"
"Occasional smokers","2021","Female","70 - 74 years","%","0.3"
"Occasional smokers","2021","Female","75 years and over","%","0.5"
"Occasional smokers","2022","Both sexes","All ages","%","3.7"
"Occasional smokers","2022","Both sexes","15 - 19 years","%","5.3"
"Occasional smokers","2022","Both sexes","20 - 24 years","%","6.6"
"Occasional smokers","2022","Both sexes","25 - 29 years","%","5.4"
"Occasional smokers","2022","Both sexes","30 - 34 years","%","6.4"
"Occasional smokers","2022","Both sexes","35 - 39 years","%","4.4"
"Occasional smokers","2022","Both sexes","40 - 44 years","%","4.9"
"Occasional smokers","2022","Both sexes","45 - 49 years","%","2.5"
"Occasional smokers","2022","Both sexes","50 - 54 years","%","2.3"
"Occasional smokers","2022","Both sexes","55 - 59 years","%","1.2"
"Occasional smokers","2022","Both sexes","60 - 64 years","%","2.7"
"Occasional smokers","2022","Both sexes","65 - 69 years","%","1.3"
"Occasional smokers","2022","Both sexes","70 - 74 years","%","2.7"
"Occasional smokers","2022","Both sexes","75 years and over","%","0.7"
"Occasional smokers","2022","Male","All ages","%","4.4"
"Occasional smokers","2022","Male","15 - 19 years","%","3.7"
"Occasional smokers","2022","Male","20 - 24 years","%","9.4"
"Occasional smokers","2022","Male","25 - 29 years","%","8"
"Occasional smokers","2022","Male","30 - 34 years","%","7.1"
"Occasional smokers","2022","Male","35 - 39 years","%","5.8"
"Occasional smokers","2022","Male","40 - 44 years","%","5"
"Occasional smokers","2022","Male","45 - 49 years","%","2.5"
"Occasional smokers","2022","Male","50 - 54 years","%","3.1"
"Occasional smokers","2022","Male","55 - 59 years","%","1"
"Occasional smokers","2022","Male","60 - 64 years","%","2.1"
"Occasional smokers","2022","Male","65 - 69 years","%","1.2"
"Occasional smokers","2022","Male","70 - 74 years","%","4.7"
"Occasional smokers","2022","Male","75 years and over","%","0.9"
"Occasional smokers","2022","Female","All ages","%","3.1"
"Occasional smokers","2022","Female","15 - 19 years","%","7.1"
"Occasional smokers","2022","Female","20 - 24 years","%","4"
"Occasional smokers","2022","Female","25 - 29 years","%","2.7"
"Occasional smokers","2022","Female","30 - 34 years","%","5.8"
"Occasional smokers","2022","Female","35 - 39 years","%","3.2"
"Occasional smokers","2022","Female","40 - 44 years","%","4.8"
"Occasional smokers","2022","Female","45 - 49 years","%","2.6"
"Occasional smokers","2022","Female","50 - 54 years","%","1.4"
"Occasional smokers","2022","Female","55 - 59 years","%","1.4"
"Occasional smokers","2022","Female","60 - 64 years","%","3.1"
"Occasional smokers","2022","Female","65 - 69 years","%","1.3"
"Occasional smokers","2022","Female","70 - 74 years","%","1.2"
"Occasional smokers","2022","Female","75 years and over","%","0.4"
"Occasional smokers","2023","Both sexes","All ages","%","3.9"
"Occasional smokers","2023","Both sexes","15 - 19 years","%","5.6"
"Occasional smokers","2023","Both sexes","20 - 24 years","%","9.4"
"Occasional smokers","2023","Both sexes","25 - 29 years","%","7"
"Occasional smokers","2023","Both sexes","30 - 34 years","%","4.4"
"Occasional smokers","2023","Both sexes","35 - 39 years","%","4.4"
"Occasional smokers","2023","Both sexes","40 - 44 years","%","3.4"
"Occasional smokers","2023","Both sexes","45 - 49 years","%","3.1"
"Occasional smokers","2023","Both sexes","50 - 54 years","%","2.4"
"Occasional smokers","2023","Both sexes","55 - 59 years","%","2.1"
"Occasional smokers","2023","Both sexes","60 - 64 years","%","2"
"Occasional smokers","2023","Both sexes","65 - 69 years","%","0.7"
"Occasional smokers","2023","Both sexes","70 - 74 years","%","1.3"
"Occasional smokers","2023","Both sexes","75 years and over","%","2"
"Occasional smokers","2023","Male","All ages","%","4.7"
"Occasional smokers","2023","Male","15 - 19 years","%","7.2"
"Occasional smokers","2023","Male","20 - 24 years","%","11"
"Occasional smokers","2023","Male","25 - 29 years","%","10.7"
"Occasional smokers","2023","Male","30 - 34 years","%","5.4"
"Occasional smokers","2023","Male","35 - 39 years","%","4.3"
"Occasional smokers","2023","Male","40 - 44 years","%","4.2"
"Occasional smokers","2023","Male","45 - 49 years","%","4"
"Occasional smokers","2023","Male","50 - 54 years","%","2.3"
"Occasional smokers","2023","Male","55 - 59 years","%","2.8"
"Occasional smokers","2023","Male","60 - 64 years","%","2"
"Occasional smokers","2023","Male","65 - 69 years","%","0.6"
"Occasional smokers","2023","Male","70 - 74 years","%","2.6"
"Occasional smokers","2023","Male","75 years and over","%","1.2"
"Occasional smokers","2023","Female","All ages","%","3.1"
"Occasional smokers","2023","Female","15 - 19 years","%","3.9"
"Occasional smokers","2023","Female","20 - 24 years","%","7.9"
"Occasional smokers","2023","Female","25 - 29 years","%","3.1"
"Occasional smokers","2023","Female","30 - 34 years","%","3.5"
"Occasional smokers","2023","Female","35 - 39 years","%","4.6"
"Occasional smokers","2023","Female","40 - 44 years","%","2.5"
"Occasional smokers","2023","Female","45 - 49 years","%","2.2"
"Occasional smokers","2023","Female","50 - 54 years","%","2.5"
"Occasional smokers","2023","Female","55 - 59 years","%","1.4"
"Occasional smokers","2023","Female","60 - 64 years","%","2.1"
"Occasional smokers","2023","Female","65 - 69 years","%","0.7"
"Occasional smokers","2023","Female","70 - 74 years","%","0"
"Occasional smokers","2023","Female","75 years and over","%","2.8"
"Occasional smokers","2024","Both sexes","All ages","%","3.7"
"Occasional smokers","2024","Both sexes","15 - 19 years","%","4.1"
"Occasional smokers","2024","Both sexes","20 - 24 years","%","7.8"
"Occasional smokers","2024","Both sexes","25 - 29 years","%","6.8"
"Occasional smokers","2024","Both sexes","30 - 34 years","%","5.7"
"Occasional smokers","2024","Both sexes","35 - 39 years","%","4.2"
"Occasional smokers","2024","Both sexes","40 - 44 years","%","4.7"
"Occasional smokers","2024","Both sexes","45 - 49 years","%","3.6"
"Occasional smokers","2024","Both sexes","50 - 54 years","%","2.3"
"Occasional smokers","2024","Both sexes","55 - 59 years","%","1"
"Occasional smokers","2024","Both sexes","60 - 64 years","%","1.4"
"Occasional smokers","2024","Both sexes","65 - 69 years","%","1.1"
"Occasional smokers","2024","Both sexes","70 - 74 years","%","0.9"
"Occasional smokers","2024","Both sexes","75 years and over","%","0.6"
"Occasional smokers","2024","Male","All ages","%","4.5"
"Occasional smokers","2024","Male","15 - 19 years","%","3.8"
"Occasional smokers","2024","Male","20 - 24 years","%","10.3"
"Occasional smokers","2024","Male","25 - 29 years","%","9.9"
"Occasional smokers","2024","Male","30 - 34 years","%","5.9"
"Occasional smokers","2024","Male","35 - 39 years","%","6"
"Occasional smokers","2024","Male","40 - 44 years","%","4.6"
"Occasional smokers","2024","Male","45 - 49 years","%","4.1"
"Occasional smokers","2024","Male","50 - 54 years","%","3.7"
"Occasional smokers","2024","Male","55 - 59 years","%","1"
"Occasional smokers","2024","Male","60 - 64 years","%","2.2"
"Occasional smokers","2024","Male","65 - 69 years","%","1.5"
"Occasional smokers","2024","Male","70 - 74 years","%","0.7"
"Occasional smokers","2024","Male","75 years and over","%","0.8"
"Occasional smokers","2024","Female","All ages","%","2.8"
"Occasional smokers","2024","Female","15 - 19 years","%","4.5"
"Occasional smokers","2024","Female","20 - 24 years","%","5.4"
"Occasional smokers","2024","Female","25 - 29 years","%","4"
"Occasional smokers","2024","Female","30 - 34 years","%","5.6"
"Occasional smokers","2024","Female","35 - 39 years","%","2.4"
"Occasional smokers","2024","Female","40 - 44 years","%","4.7"
"Occasional smokers","2024","Female","45 - 49 years","%","3.1"
"Occasional smokers","2024","Female","50 - 54 years","%","1"
"Occasional smokers","2024","Female","55 - 59 years","%","0.9"
"Occasional smokers","2024","Female","60 - 64 years","%","0.7"
"Occasional smokers","2024","Female","65 - 69 years","%","0.7"
"Occasional smokers","2024","Female","70 - 74 years","%","1.1"
"Occasional smokers","2024","Female","75 years and over","%","0.5"
"Non smokers","2015","Both sexes","All ages","%","77.2"
"Non smokers","2015","Both sexes","15 - 19 years","%","88.6"
"Non smokers","2015","Both sexes","20 - 24 years","%","70.3"
"Non smokers","2015","Both sexes","25 - 29 years","%","66.6"
"Non smokers","2015","Both sexes","30 - 34 years","%","68.8"
"Non smokers","2015","Both sexes","35 - 39 years","%","75.1"
"Non smokers","2015","Both sexes","40 - 44 years","%","72"
"Non smokers","2015","Both sexes","45 - 49 years","%","74"
"Non smokers","2015","Both sexes","50 - 54 years","%","76"
"Non smokers","2015","Both sexes","55 - 59 years","%","82.7"
"Non smokers","2015","Both sexes","60 - 64 years","%","81.5"
"Non smokers","2015","Both sexes","65 - 69 years","%","82.9"
"Non smokers","2015","Both sexes","70 - 74 years","%","87.2"
"Non smokers","2015","Both sexes","75 years and over","%","92.9"
"Non smokers","2015","Male","All ages","%","75.7"
"Non smokers","2015","Male","15 - 19 years","%","90.2"
"Non smokers","2015","Male","20 - 24 years","%","70.2"
"Non smokers","2015","Male","25 - 29 years","%","64"
"Non smokers","2015","Male","30 - 34 years","%","65.2"
"Non smokers","2015","Male","35 - 39 years","%","71.5"
"Non smokers","2015","Male","40 - 44 years","%","73.3"
"Non smokers","2015","Male","45 - 49 years","%","71.2"
"Non smokers","2015","Male","50 - 54 years","%","72.8"
"Non smokers","2015","Male","55 - 59 years","%","82.3"
"Non smokers","2015","Male","60 - 64 years","%","82.5"
"Non smokers","2015","Male","65 - 69 years","%","79.4"
"Non smokers","2015","Male","70 - 74 years","%","86.1"
"Non smokers","2015","Male","75 years and over","%","92.9"
"Non smokers","2015","Female","All ages","%","78.8"
"Non smokers","2015","Female","15 - 19 years","%","87.1"
"Non smokers","2015","Female","20 - 24 years","%","70.5"
"Non smokers","2015","Female","25 - 29 years","%","69.5"
"Non smokers","2015","Female","30 - 34 years","%","71.7"
"Non smokers","2015","Female","35 - 39 years","%","78.6"
"Non smokers","2015","Female","40 - 44 years","%","70.7"
"Non smokers","2015","Female","45 - 49 years","%","76.9"
"Non smokers","2015","Female","50 - 54 years","%","78.9"
"Non smokers","2015","Female","55 - 59 years","%","83.1"
"Non smokers","2015","Female","60 - 64 years","%","80.5"
"Non smokers","2015","Female","65 - 69 years","%","86.3"
"Non smokers","2015","Female","70 - 74 years","%","88.2"
"Non smokers","2015","Female","75 years and over","%","92.8"
"Non smokers","2016","Both sexes","All ages","%","77.4"
"Non smokers","2016","Both sexes","15 - 19 years","%","86.4"
"Non smokers","2016","Both sexes","20 - 24 years","%","71.4"
"Non smokers","2016","Both sexes","25 - 29 years","%","69.2"
"Non smokers","2016","Both sexes","30 - 34 years","%","65"
"Non smokers","2016","Both sexes","35 - 39 years","%","71"
"Non smokers","2016","Both sexes","40 - 44 years","%","76.9"
"Non smokers","2016","Both sexes","45 - 49 years","%","74.8"
"Non smokers","2016","Both sexes","50 - 54 years","%","77.5"
"Non smokers","2016","Both sexes","55 - 59 years","%","80"
"Non smokers","2016","Both sexes","60 - 64 years","%","84"
"Non smokers","2016","Both sexes","65 - 69 years","%","86.5"
"Non smokers","2016","Both sexes","70 - 74 years","%","86.5"
"Non smokers","2016","Both sexes","75 years and over","%","90.8"
"Non smokers","2016","Male","All ages","%","74.3"
"Non smokers","2016","Male","15 - 19 years","%","86.8"
"Non smokers","2016","Male","20 - 24 years","%","73.2"
"Non smokers","2016","Male","25 - 29 years","%","60.6"
"Non smokers","2016","Male","30 - 34 years","%","56.6"
"Non smokers","2016","Male","35 - 39 years","%","63.7"
"Non smokers","2016","Male","40 - 44 years","%","73.1"
"Non smokers","2016","Male","45 - 49 years","%","73.6"
"Non smokers","2016","Male","50 - 54 years","%","76.3"
"Non smokers","2016","Male","55 - 59 years","%","79.6"
"Non smokers","2016","Male","60 - 64 years","%","80.8"
"Non smokers","2016","Male","65 - 69 years","%","84.6"
"Non smokers","2016","Male","70 - 74 years","%","88.3"
"Non smokers","2016","Male","75 years and over","%","87.9"
"Non smokers","2016","Female","All ages","%","80.4"
"Non smokers","2016","Female","15 - 19 years","%","85.9"
"Non smokers","2016","Female","20 - 24 years","%","69.7"
"Non smokers","2016","Female","25 - 29 years","%","77.7"
"Non smokers","2016","Female","30 - 34 years","%","72.2"
"Non smokers","2016","Female","35 - 39 years","%","78.7"
"Non smokers","2016","Female","40 - 44 years","%","80.3"
"Non smokers","2016","Female","45 - 49 years","%","75.9"
"Non smokers","2016","Female","50 - 54 years","%","78.6"
"Non smokers","2016","Female","55 - 59 years","%","80.3"
"Non smokers","2016","Female","60 - 64 years","%","87.5"
"Non smokers","2016","Female","65 - 69 years","%","88.1"
"Non smokers","2016","Female","70 - 74 years","%","84.6"
"Non smokers","2016","Female","75 years and over","%","92.9"
"Non smokers","2017","Both sexes","All ages","%","77.8"
"Non smokers","2017","Both sexes","15 - 19 years","%","88.3"
"Non smokers","2017","Both sexes","20 - 24 years","%","71.9"
"Non smokers","2017","Both sexes","25 - 29 years","%","63.5"
"Non smokers","2017","Both sexes","30 - 34 years","%","67.2"
"Non smokers","2017","Both sexes","35 - 39 years","%","73.3"
"Non smokers","2017","Both sexes","40 - 44 years","%","79"
"Non smokers","2017","Both sexes","45 - 49 years","%","77.8"
"Non smokers","2017","Both sexes","50 - 54 years","%","79.8"
"Non smokers","2017","Both sexes","55 - 59 years","%","76"
"Non smokers","2017","Both sexes","60 - 64 years","%","83.4"
"Non smokers","2017","Both sexes","65 - 69 years","%","81.4"
"Non smokers","2017","Both sexes","70 - 74 years","%","87.7"
"Non smokers","2017","Both sexes","75 years and over","%","90.5"
"Non smokers","2017","Male","All ages","%","75.3"
"Non smokers","2017","Male","15 - 19 years","%","87.6"
"Non smokers","2017","Male","20 - 24 years","%","66.8"
"Non smokers","2017","Male","25 - 29 years","%","60.5"
"Non smokers","2017","Male","30 - 34 years","%","62.4"
"Non smokers","2017","Male","35 - 39 years","%","69.7"
"Non smokers","2017","Male","40 - 44 years","%","76.3"
"Non smokers","2017","Male","45 - 49 years","%","78"
"Non smokers","2017","Male","50 - 54 years","%","77.5"
"Non smokers","2017","Male","55 - 59 years","%","75"
"Non smokers","2017","Male","60 - 64 years","%","80.8"
"Non smokers","2017","Male","65 - 69 years","%","79.4"
"Non smokers","2017","Male","70 - 74 years","%","84.7"
"Non smokers","2017","Male","75 years and over","%","88.7"
"Non smokers","2017","Female","All ages","%","80.2"
"Non smokers","2017","Female","15 - 19 years","%","89"
"Non smokers","2017","Female","20 - 24 years","%","76.8"
"Non smokers","2017","Female","25 - 29 years","%","66.9"
"Non smokers","2017","Female","30 - 34 years","%","71"
"Non smokers","2017","Female","35 - 39 years","%","76.7"
"Non smokers","2017","Female","40 - 44 years","%","81.7"
"Non smokers","2017","Female","45 - 49 years","%","77.6"
"Non smokers","2017","Female","50 - 54 years","%","82"
"Non smokers","2017","Female","55 - 59 years","%","76.9"
"Non smokers","2017","Female","60 - 64 years","%","86.2"
"Non smokers","2017","Female","65 - 69 years","%","83.1"
"Non smokers","2017","Female","70 - 74 years","%","90.6"
"Non smokers","2017","Female","75 years and over","%","92.1"
"Non smokers","2018","Both sexes","All ages","%","80.3"
"Non smokers","2018","Both sexes","15 - 19 years","%","92.2"
"Non smokers","2018","Both sexes","20 - 24 years","%","68.8"
"Non smokers","2018","Both sexes","25 - 29 years","%","69.9"
"Non smokers","2018","Both sexes","30 - 34 years","%","74"
"Non smokers","2018","Both sexes","35 - 39 years","%","74.7"
"Non smokers","2018","Both sexes","40 - 44 years","%","81.1"
"Non smokers","2018","Both sexes","45 - 49 years","%","81.3"
"Non smokers","2018","Both sexes","50 - 54 years","%","81.4"
"Non smokers","2018","Both sexes","55 - 59 years","%","81.1"
"Non smokers","2018","Both sexes","60 - 64 years","%","80"
"Non smokers","2018","Both sexes","65 - 69 years","%","87.9"
"Non smokers","2018","Both sexes","70 - 74 years","%","86.8"
"Non smokers","2018","Both sexes","75 years and over","%","92"
"Non smokers","2018","Male","All ages","%","77.5"
"Non smokers","2018","Male","15 - 19 years","%","87"
"Non smokers","2018","Male","20 - 24 years","%","69"
"Non smokers","2018","Male","25 - 29 years","%","66.1"
"Non smokers","2018","Male","30 - 34 years","%","69.3"
"Non smokers","2018","Male","35 - 39 years","%","68.3"
"Non smokers","2018","Male","40 - 44 years","%","77.2"
"Non smokers","2018","Male","45 - 49 years","%","81.5"
"Non smokers","2018","Male","50 - 54 years","%","79"
"Non smokers","2018","Male","55 - 59 years","%","78.7"
"Non smokers","2018","Male","60 - 64 years","%","80.1"
"Non smokers","2018","Male","65 - 69 years","%","84.3"
"Non smokers","2018","Male","70 - 74 years","%","86.2"
"Non smokers","2018","Male","75 years and over","%","91.7"
"Non smokers","2018","Female","All ages","%","83.1"
"Non smokers","2018","Female","15 - 19 years","%","97.6"
"Non smokers","2018","Female","20 - 24 years","%","68.5"
"Non smokers","2018","Female","25 - 29 years","%","73.7"
"Non smokers","2018","Female","30 - 34 years","%","78.1"
"Non smokers","2018","Female","35 - 39 years","%","80.9"
"Non smokers","2018","Female","40 - 44 years","%","84.7"
"Non smokers","2018","Female","45 - 49 years","%","81.1"
"Non smokers","2018","Female","50 - 54 years","%","83.9"
"Non smokers","2018","Female","55 - 59 years","%","83.6"
"Non smokers","2018","Female","60 - 64 years","%","79.9"
"Non smokers","2018","Female","65 - 69 years","%","91.3"
"Non smokers","2018","Female","70 - 74 years","%","87.4"
"Non smokers","2018","Female","75 years and over","%","92.2"
"Non smokers","2019","Both sexes","All ages","%","82.7"
"Non smokers","2019","Both sexes","15 - 19 years","%","93.5"
"Non smokers","2019","Both sexes","20 - 24 years","%","72.8"
"Non smokers","2019","Both sexes","25 - 29 years","%","71.6"
"Non smokers","2019","Both sexes","30 - 34 years","%","75.8"
"Non smokers","2019","Both sexes","35 - 39 years","%","81"
"Non smokers","2019","Both sexes","40 - 44 years","%","82.3"
"Non smokers","2019","Both sexes","45 - 49 years","%","83.2"
"Non smokers","2019","Both sexes","50 - 54 years","%","80.8"
"Non smokers","2019","Both sexes","55 - 59 years","%","83.3"
"Non smokers","2019","Both sexes","60 - 64 years","%","85.4"
"Non smokers","2019","Both sexes","65 - 69 years","%","87.4"
"Non smokers","2019","Both sexes","70 - 74 years","%","88.2"
"Non smokers","2019","Both sexes","75 years and over","%","91.9"
"Non smokers","2019","Male","All ages","%","81.1"
"Non smokers","2019","Male","15 - 19 years","%","91.4"
"Non smokers","2019","Male","20 - 24 years","%","68"
"Non smokers","2019","Male","25 - 29 years","%","69.4"
"Non smokers","2019","Male","30 - 34 years","%","74"
"Non smokers","2019","Male","35 - 39 years","%","77.5"
"Non smokers","2019","Male","40 - 44 years","%","79.5"
"Non smokers","2019","Male","45 - 49 years","%","81.9"
"Non smokers","2019","Male","50 - 54 years","%","80.5"
"Non smokers","2019","Male","55 - 59 years","%","83.4"
"Non smokers","2019","Male","60 - 64 years","%","83.8"
"Non smokers","2019","Male","65 - 69 years","%","86.5"
"Non smokers","2019","Male","70 - 74 years","%","89.2"
"Non smokers","2019","Male","75 years and over","%","91.6"
"Non smokers","2019","Female","All ages","%","84.3"
"Non smokers","2019","Female","15 - 19 years","%","96.1"
"Non smokers","2019","Female","20 - 24 years","%","76.6"
"Non smokers","2019","Female","25 - 29 years","%","74.1"
"Non smokers","2019","Female","30 - 34 years","%","77.2"
"Non smokers","2019","Female","35 - 39 years","%","84.6"
"Non smokers","2019","Female","40 - 44 years","%","84.7"
"Non smokers","2019","Female","45 - 49 years","%","84.6"
"Non smokers","2019","Female","50 - 54 years","%","81.2"
"Non smokers","2019","Female","55 - 59 years","%","83.2"
"Non smokers","2019","Female","60 - 64 years","%","86.9"
"Non smokers","2019","Female","65 - 69 years","%","88.1"
"Non smokers","2019","Female","70 - 74 years","%","87.3"
"Non smokers","2019","Female","75 years and over","%","92.2"
"Non smokers","2021","Both sexes","All ages","%","81.7"
"Non smokers","2021","Both sexes","15 - 19 years","%","92.2"
"Non smokers","2021","Both sexes","20 - 24 years","%","79.3"
"Non smokers","2021","Both sexes","25 - 29 years","%","77.5"
"Non smokers","2021","Both sexes","30 - 34 years","%","81.6"
"Non smokers","2021","Both sexes","35 - 39 years","%","79.3"
"Non smokers","2021","Both sexes","40 - 44 years","%","77.9"
"Non smokers","2021","Both sexes","45 - 49 years","%","77.6"
"Non smokers","2021","Both sexes","50 - 54 years","%","75.4"
"Non smokers","2021","Both sexes","55 - 59 years","%","81.3"
"Non smokers","2021","Both sexes","60 - 64 years","%","80.6"
"Non smokers","2021","Both sexes","65 - 69 years","%","86.7"
"Non smokers","2021","Both sexes","70 - 74 years","%","90"
"Non smokers","2021","Both sexes","75 years and over","%","92.8"
"Non smokers","2021","Male","All ages","%","79.9"
"Non smokers","2021","Male","15 - 19 years","%","90.1"
"Non smokers","2021","Male","20 - 24 years","%","73.8"
"Non smokers","2021","Male","25 - 29 years","%","76.9"
"Non smokers","2021","Male","30 - 34 years","%","77.3"
"Non smokers","2021","Male","35 - 39 years","%","77.5"
"Non smokers","2021","Male","40 - 44 years","%","73.8"
"Non smokers","2021","Male","45 - 49 years","%","76.7"
"Non smokers","2021","Male","50 - 54 years","%","74.7"
"Non smokers","2021","Male","55 - 59 years","%","81.8"
"Non smokers","2021","Male","60 - 64 years","%","79"
"Non smokers","2021","Male","65 - 69 years","%","88.3"
"Non smokers","2021","Male","70 - 74 years","%","91.8"
"Non smokers","2021","Male","75 years and over","%","91.6"
"Non smokers","2021","Female","All ages","%","83.4"
"Non smokers","2021","Female","15 - 19 years","%","94.3"
"Non smokers","2021","Female","20 - 24 years","%","84.8"
"Non smokers","2021","Female","25 - 29 years","%","78.1"
"Non smokers","2021","Female","30 - 34 years","%","85.6"
"Non smokers","2021","Female","35 - 39 years","%","80.9"
"Non smokers","2021","Female","40 - 44 years","%","82"
"Non smokers","2021","Female","45 - 49 years","%","78.6"
"Non smokers","2021","Female","50 - 54 years","%","76"
"Non smokers","2021","Female","55 - 59 years","%","80.7"
"Non smokers","2021","Female","60 - 64 years","%","82.1"
"Non smokers","2021","Female","65 - 69 years","%","85.4"
"Non smokers","2021","Female","70 - 74 years","%","88.5"
"Non smokers","2021","Female","75 years and over","%","94"
"Non smokers","2022","Both sexes","All ages","%","81.8"
"Non smokers","2022","Both sexes","15 - 19 years","%","89.5"
"Non smokers","2022","Both sexes","20 - 24 years","%","79.3"
"Non smokers","2022","Both sexes","25 - 29 years","%","75.4"
"Non smokers","2022","Both sexes","30 - 34 years","%","76.2"
"Non smokers","2022","Both sexes","35 - 39 years","%","80.3"
"Non smokers","2022","Both sexes","40 - 44 years","%","78.3"
"Non smokers","2022","Both sexes","45 - 49 years","%","79.8"
"Non smokers","2022","Both sexes","50 - 54 years","%","80.3"
"Non smokers","2022","Both sexes","55 - 59 years","%","80.6"
"Non smokers","2022","Both sexes","60 - 64 years","%","83.9"
"Non smokers","2022","Both sexes","65 - 69 years","%","86.1"
"Non smokers","2022","Both sexes","70 - 74 years","%","88.8"
"Non smokers","2022","Both sexes","75 years and over","%","92.4"
"Non smokers","2022","Male","All ages","%","78.6"
"Non smokers","2022","Male","15 - 19 years","%","90.5"
"Non smokers","2022","Male","20 - 24 years","%","73.4"
"Non smokers","2022","Male","25 - 29 years","%","63.3"
"Non smokers","2022","Male","30 - 34 years","%","67.4"
"Non smokers","2022","Male","35 - 39 years","%","76.2"
"Non smokers","2022","Male","40 - 44 years","%","74.9"
"Non smokers","2022","Male","45 - 49 years","%","77.9"
"Non smokers","2022","Male","50 - 54 years","%","79.8"
"Non smokers","2022","Male","55 - 59 years","%","80.5"
"Non smokers","2022","Male","60 - 64 years","%","84.9"
"Non smokers","2022","Male","65 - 69 years","%","83.1"
"Non smokers","2022","Male","70 - 74 years","%","86.7"
"Non smokers","2022","Male","75 years and over","%","92.1"
"Non smokers","2022","Female","All ages","%","85"
"Non smokers","2022","Female","15 - 19 years","%","88.5"
"Non smokers","2022","Female","20 - 24 years","%","84.9"
"Non smokers","2022","Female","25 - 29 years","%","88.1"
"Non smokers","2022","Female","30 - 34 years","%","84.2"
"Non smokers","2022","Female","35 - 39 years","%","83.7"
"Non smokers","2022","Female","40 - 44 years","%","82.1"
"Non smokers","2022","Female","45 - 49 years","%","81.5"
"Non smokers","2022","Female","50 - 54 years","%","80.9"
"Non smokers","2022","Female","55 - 59 years","%","81"
"Non smokers","2022","Female","60 - 64 years","%","83"
"Non smokers","2022","Female","65 - 69 years","%","89.1"
"Non smokers","2022","Female","70 - 74 years","%","90.4"
"Non smokers","2022","Female","75 years and over","%","92.6"
"Non smokers","2023","Both sexes","All ages","%","82.2"
"Non smokers","2023","Both sexes","15 - 19 years","%","83.2"
"Non smokers","2023","Both sexes","20 - 24 years","%","79.5"
"Non smokers","2023","Both sexes","25 - 29 years","%","78.8"
"Non smokers","2023","Both sexes","30 - 34 years","%","77"
"Non smokers","2023","Both sexes","35 - 39 years","%","77.6"
"Non smokers","2023","Both sexes","40 - 44 years","%","81.1"
"Non smokers","2023","Both sexes","45 - 49 years","%","83"
"Non smokers","2023","Both sexes","50 - 54 years","%","80.8"
"Non smokers","2023","Both sexes","55 - 59 years","%","84.1"
"Non smokers","2023","Both sexes","60 - 64 years","%","82.1"
"Non smokers","2023","Both sexes","65 - 69 years","%","87.4"
"Non smokers","2023","Both sexes","70 - 74 years","%","89.8"
"Non smokers","2023","Both sexes","75 years and over","%","91"
"Non smokers","2023","Male","All ages","%","79.3"
"Non smokers","2023","Male","15 - 19 years","%","83.4"
"Non smokers","2023","Male","20 - 24 years","%","75.8"
"Non smokers","2023","Male","25 - 29 years","%","71.9"
"Non smokers","2023","Male","30 - 34 years","%","70.7"
"Non smokers","2023","Male","35 - 39 years","%","71.7"
"Non smokers","2023","Male","40 - 44 years","%","77.9"
"Non smokers","2023","Male","45 - 49 years","%","79.9"
"Non smokers","2023","Male","50 - 54 years","%","77.7"
"Non smokers","2023","Male","55 - 59 years","%","82.9"
"Non smokers","2023","Male","60 - 64 years","%","81.2"
"Non smokers","2023","Male","65 - 69 years","%","89.4"
"Non smokers","2023","Male","70 - 74 years","%","84.5"
"Non smokers","2023","Male","75 years and over","%","93.7"
"Non smokers","2023","Female","All ages","%","85.1"
"Non smokers","2023","Female","15 - 19 years","%","83"
"Non smokers","2023","Female","20 - 24 years","%","83.5"
"Non smokers","2023","Female","25 - 29 years","%","86"
"Non smokers","2023","Female","30 - 34 years","%","82.9"
"Non smokers","2023","Female","35 - 39 years","%","83.2"
"Non smokers","2023","Female","40 - 44 years","%","84.1"
"Non smokers","2023","Female","45 - 49 years","%","85.9"
"Non smokers","2023","Female","50 - 54 years","%","84"
"Non smokers","2023","Female","55 - 59 years","%","85.3"
"Non smokers","2023","Female","60 - 64 years","%","83"
"Non smokers","2023","Female","65 - 69 years","%","85.6"
"Non smokers","2023","Female","70 - 74 years","%","95.3"
"Non smokers","2023","Female","75 years and over","%","88.8"
"Non smokers","2024","Both sexes","All ages","%","82.6"
"Non smokers","2024","Both sexes","15 - 19 years","%","88"
"Non smokers","2024","Both sexes","20 - 24 years","%","79.6"
"Non smokers","2024","Both sexes","25 - 29 years","%","80.1"
"Non smokers","2024","Both sexes","30 - 34 years","%","80.2"
"Non smokers","2024","Both sexes","35 - 39 years","%","80.5"
"Non smokers","2024","Both sexes","40 - 44 years","%","81.5"
"Non smokers","2024","Both sexes","45 - 49 years","%","79.3"
"Non smokers","2024","Both sexes","50 - 54 years","%","81.7"
"Non smokers","2024","Both sexes","55 - 59 years","%","81.3"
"Non smokers","2024","Both sexes","60 - 64 years","%","80.6"
"Non smokers","2024","Both sexes","65 - 69 years","%","84.8"
"Non smokers","2024","Both sexes","70 - 74 years","%","88.3"
"Non smokers","2024","Both sexes","75 years and over","%","93.3"
"Non smokers","2024","Male","All ages","%","80.2"
"Non smokers","2024","Male","15 - 19 years","%","89.2"
"Non smokers","2024","Male","20 - 24 years","%","75.4"
"Non smokers","2024","Male","25 - 29 years","%","73.5"
"Non smokers","2024","Male","30 - 34 years","%","77.2"
"Non smokers","2024","Male","35 - 39 years","%","75.3"
"Non smokers","2024","Male","40 - 44 years","%","79.3"
"Non smokers","2024","Male","45 - 49 years","%","77.3"
"Non smokers","2024","Male","50 - 54 years","%","77.5"
"Non smokers","2024","Male","55 - 59 years","%","77"
"Non smokers","2024","Male","60 - 64 years","%","80"
"Non smokers","2024","Male","65 - 69 years","%","87.2"
"Non smokers","2024","Male","70 - 74 years","%","89.6"
"Non smokers","2024","Male","75 years and over","%","94.9"
"Non smokers","2024","Female","All ages","%","84.8"
"Non smokers","2024","Female","15 - 19 years","%","86.4"
"Non smokers","2024","Female","20 - 24 years","%","83.7"
"Non smokers","2024","Female","25 - 29 years","%","86.7"
"Non smokers","2024","Female","30 - 34 years","%","83"
"Non smokers","2024","Female","35 - 39 years","%","85.4"
"Non smokers","2024","Female","40 - 44 years","%","83.5"
"Non smokers","2024","Female","45 - 49 years","%","81.4"
"Non smokers","2024","Female","50 - 54 years","%","85.9"
"Non smokers","2024","Female","55 - 59 years","%","85.4"
"Non smokers","2024","Female","60 - 64 years","%","81.1"
"Non smokers","2024","Female","65 - 69 years","%","82.8"
"Non smokers","2024","Female","70 - 74 years","%","86.9"
"Non smokers","2024","Female","75 years and over","%","91.9"
